x-axis,1,2
second,Volt,Volt
-5.6400E+00,+317.1E-03,-1.2400E+00
-5.6300E+00,+317.1E-03,-1.2419E+00
-5.6200E+00,+317.1E-03,-1.2439E+00
-5.6100E+00,+317.1E-03,-1.2517E+00
-5.6000E+00,+317.1E-03,-1.2615E+00
-5.5900E+00,+317.1E-03,-1.2751E+00
-5.5800E+00,+317.1E-03,-1.2771E+00
-5.5700E+00,+317.1E-03,-1.2790E+00
-5.5600E+00,+317.1E-03,-1.2869E+00
-5.5500E+00,+317.1E-03,-1.2966E+00
-5.5400E+00,+317.1E-03,-1.3083E+00
-5.5300E+00,+317.1E-03,-1.3123E+00
-5.5200E+00,+317.1E-03,-1.3201E+00
-5.5100E+00,+317.1E-03,-1.3318E+00
-5.5000E+00,+317.1E-03,-1.3435E+00
-5.4900E+00,+317.1E-03,-1.3474E+00
-5.4800E+00,+317.1E-03,-1.3494E+00
-5.4700E+00,+317.1E-03,-1.3494E+00
-5.4600E+00,+317.1E-03,-1.3552E+00
-5.4500E+00,+317.1E-03,-1.3630E+00
-5.4400E+00,+317.1E-03,-1.3728E+00
-5.4300E+00,+317.1E-03,-1.3767E+00
-5.4200E+00,+317.1E-03,-1.3884E+00
-5.4100E+00,+317.1E-03,-1.3982E+00
-5.4000E+00,+317.1E-03,-1.4040E+00
-5.3900E+00,+317.1E-03,-1.4060E+00
-5.3800E+00,+317.1E-03,-1.4119E+00
-5.3700E+00,+317.1E-03,-1.4236E+00
-5.3600E+00,+317.1E-03,-1.4333E+00
-5.3500E+00,+317.1E-03,-1.4373E+00
-5.3400E+00,+317.1E-03,-1.4431E+00
-5.3300E+00,+317.1E-03,-1.4490E+00
-5.3200E+00,+317.1E-03,-1.4626E+00
-5.3100E+00,+317.1E-03,-1.4705E+00
-5.3000E+00,+317.1E-03,-1.4763E+00
-5.2900E+00,+317.1E-03,-1.4861E+00
-5.2800E+00,+317.2E-03,-1.4900E+00
-5.2700E+00,+317.2E-03,-1.4900E+00
-5.2600E+00,+317.1E-03,-1.4919E+00
-5.2500E+00,+317.1E-03,-1.4939E+00
-5.2400E+00,+317.1E-03,-1.5095E+00
-5.2300E+00,+317.1E-03,-1.5232E+00
-5.2200E+00,+317.2E-03,-1.5369E+00
-5.2100E+00,+317.2E-03,-1.5369E+00
-5.2000E+00,+317.1E-03,-1.5369E+00
-5.1900E+00,+317.1E-03,-1.5388E+00
-5.1800E+00,+317.1E-03,-1.5427E+00
-5.1700E+00,+317.1E-03,-1.5544E+00
-5.1600E+00,+317.1E-03,-1.5642E+00
-5.1500E+00,+317.1E-03,-1.5701E+00
-5.1400E+00,+317.1E-03,-1.5818E+00
-5.1300E+00,+317.1E-03,-1.5896E+00
-5.1200E+00,+317.1E-03,-1.5955E+00
-5.1100E+00,+317.0E-03,-1.5994E+00
-5.1000E+00,+316.9E-03,-1.6072E+00
-5.0900E+00,+316.8E-03,-1.6208E+00
-5.0800E+00,+316.6E-03,-1.6228E+00
-5.0700E+00,+316.4E-03,-1.6150E+00
-5.0600E+00,+316.3E-03,-1.6033E+00
-5.0500E+00,+316.2E-03,-1.5955E+00
-5.0400E+00,+316.1E-03,-1.5935E+00
-5.0300E+00,+316.1E-03,-1.5857E+00
-5.0200E+00,+316.1E-03,-1.5759E+00
-5.0100E+00,+316.1E-03,-1.5681E+00
-5.0000E+00,+316.2E-03,-1.5583E+00
-4.9900E+00,+316.3E-03,-1.5505E+00
-4.9800E+00,+316.4E-03,-1.5388E+00
-4.9700E+00,+316.4E-03,-1.5388E+00
-4.9600E+00,+316.5E-03,-1.5369E+00
-4.9500E+00,+316.6E-03,-1.5369E+00
-4.9400E+00,+316.6E-03,-1.5349E+00
-4.9300E+00,+316.7E-03,-1.5134E+00
-4.9200E+00,+316.8E-03,-1.5017E+00
-4.9100E+00,+316.8E-03,-1.4919E+00
-4.9000E+00,+316.8E-03,-1.4919E+00
-4.8900E+00,+316.9E-03,-1.4900E+00
-4.8800E+00,+316.9E-03,-1.4880E+00
-4.8700E+00,+317.0E-03,-1.4822E+00
-4.8600E+00,+317.0E-03,-1.4724E+00
-4.8500E+00,+317.0E-03,-1.4646E+00
-4.8400E+00,+317.0E-03,-1.4587E+00
-4.8300E+00,+317.0E-03,-1.4451E+00
-4.8200E+00,+317.1E-03,-1.4392E+00
-4.8100E+00,+317.1E-03,-1.4353E+00
-4.8000E+00,+317.1E-03,-1.4275E+00
-4.7900E+00,+317.1E-03,-1.4197E+00
-4.7800E+00,+317.1E-03,-1.4080E+00
-4.7700E+00,+317.1E-03,-1.4060E+00
-4.7600E+00,+317.1E-03,-1.4021E+00
-4.7500E+00,+317.1E-03,-1.3923E+00
-4.7400E+00,+317.1E-03,-1.3826E+00
-4.7300E+00,+317.1E-03,-1.3748E+00
-4.7200E+00,+317.1E-03,-1.3689E+00
-4.7100E+00,+317.1E-03,-1.3591E+00
-4.7000E+00,+317.1E-03,-1.3513E+00
-4.6900E+00,+317.2E-03,-1.3494E+00
-4.6800E+00,+317.1E-03,-1.3474E+00
-4.6700E+00,+317.1E-03,-1.3474E+00
-4.6600E+00,+317.1E-03,-1.3396E+00
-4.6500E+00,+317.1E-03,-1.3240E+00
-4.6400E+00,+317.2E-03,-1.3162E+00
-4.6300E+00,+317.2E-03,-1.3103E+00
-4.6200E+00,+317.1E-03,-1.3044E+00
-4.6100E+00,+317.1E-03,-1.2927E+00
-4.6000E+00,+317.1E-03,-1.2830E+00
-4.5900E+00,+317.2E-03,-1.2790E+00
-4.5800E+00,+317.2E-03,-1.2771E+00
-4.5700E+00,+317.2E-03,-1.2693E+00
-4.5600E+00,+317.1E-03,-1.2556E+00
-4.5500E+00,+317.1E-03,-1.2478E+00
-4.5400E+00,+317.2E-03,-1.2439E+00
-4.5300E+00,+317.2E-03,-1.2419E+00
-4.5200E+00,+317.2E-03,-1.2361E+00
-4.5100E+00,+317.2E-03,-1.2244E+00
-4.5000E+00,+317.1E-03,-1.2165E+00
-4.4900E+00,+317.1E-03,-1.2126E+00
-4.4800E+00,+317.2E-03,-1.2048E+00
-4.4700E+00,+317.2E-03,-1.1951E+00
-4.4600E+00,+317.2E-03,-1.1833E+00
-4.4500E+00,+317.2E-03,-1.1814E+00
-4.4400E+00,+317.1E-03,-1.1794E+00
-4.4300E+00,+317.1E-03,-1.1716E+00
-4.4200E+00,+317.2E-03,-1.1619E+00
-4.4100E+00,+317.2E-03,-1.1540E+00
-4.4000E+00,+317.2E-03,-1.1462E+00
-4.3900E+00,+317.1E-03,-1.1384E+00
-4.3800E+00,+317.1E-03,-1.1228E+00
-4.3700E+00,+317.1E-03,-1.1169E+00
-4.3600E+00,+317.1E-03,-1.1150E+00
-4.3500E+00,+317.1E-03,-1.1111E+00
-4.3400E+00,+317.0E-03,-1.1033E+00
-4.3300E+00,+316.9E-03,-1.0896E+00
-4.3200E+00,+316.9E-03,-1.0857E+00
-4.3100E+00,+316.8E-03,-1.0837E+00
-4.3000E+00,+316.7E-03,-1.0798E+00
-4.2900E+00,+316.5E-03,-1.0740E+00
-4.2800E+00,+316.4E-03,-1.0642E+00
-4.2700E+00,+316.4E-03,-1.0564E+00
-4.2600E+00,+316.4E-03,-1.0427E+00
-4.2500E+00,+316.4E-03,-1.0271E+00
-4.2400E+00,+316.4E-03,-1.0232E+00
-4.2300E+00,+316.5E-03,-1.0212E+00
-4.2200E+00,+316.6E-03,-1.0212E+00
-4.2100E+00,+316.6E-03,-1.0212E+00
-4.2000E+00,+316.7E-03,-1.0134E+00
-4.1900E+00,+316.8E-03,-1.0056E+00
-4.1800E+00,+316.8E-03,-993.9E-03
-4.1700E+00,+316.9E-03,-984.1E-03
-4.1600E+00,+316.9E-03,-972.4E-03
-4.1500E+00,+316.9E-03,-966.5E-03
-4.1400E+00,+317.0E-03,-960.7E-03
-4.1300E+00,+317.0E-03,-949.0E-03
-4.1200E+00,+317.0E-03,-945.1E-03
-4.1100E+00,+317.0E-03,-943.1E-03
-4.1000E+00,+317.0E-03,-941.2E-03
-4.0900E+00,+317.1E-03,-935.3E-03
-4.0800E+00,+317.1E-03,-919.7E-03
-4.0700E+00,+317.1E-03,-911.9E-03
-4.0600E+00,+317.1E-03,-909.9E-03
-4.0500E+00,+317.1E-03,-906.0E-03
-4.0400E+00,+317.1E-03,-902.1E-03
-4.0300E+00,+317.1E-03,-886.5E-03
-4.0200E+00,+317.1E-03,-878.7E-03
-4.0100E+00,+317.1E-03,-872.8E-03
-4.0000E+00,+317.1E-03,-863.0E-03
-3.9900E+00,+317.0E-03,-857.2E-03
-3.9800E+00,+317.0E-03,-849.4E-03
-3.9700E+00,+317.0E-03,-847.4E-03
-3.9600E+00,+316.9E-03,-845.5E-03
-3.9500E+00,+316.8E-03,-831.8E-03
-3.9400E+00,+316.7E-03,-822.0E-03
-3.9300E+00,+316.6E-03,-816.2E-03
-3.9200E+00,+316.4E-03,-812.3E-03
-3.9100E+00,+316.2E-03,-804.4E-03
-3.9000E+00,+316.0E-03,-792.7E-03
-3.8900E+00,+315.8E-03,-786.9E-03
-3.8800E+00,+315.6E-03,-784.9E-03
-3.8700E+00,+315.5E-03,-781.0E-03
-3.8600E+00,+315.5E-03,-771.2E-03
-3.8500E+00,+315.6E-03,-757.6E-03
-3.8400E+00,+315.7E-03,-753.7E-03
-3.8300E+00,+315.8E-03,-749.8E-03
-3.8200E+00,+315.9E-03,-747.8E-03
-3.8100E+00,+316.0E-03,-738.0E-03
-3.8000E+00,+316.1E-03,-724.4E-03
-3.7900E+00,+316.2E-03,-718.5E-03
-3.7800E+00,+316.3E-03,-712.6E-03
-3.7700E+00,+316.4E-03,-702.9E-03
-3.7600E+00,+316.5E-03,-687.3E-03
-3.7500E+00,+316.6E-03,-679.4E-03
-3.7400E+00,+316.6E-03,-679.4E-03
-3.7300E+00,+316.7E-03,-677.5E-03
-3.7200E+00,+316.8E-03,-675.5E-03
-3.7100E+00,+316.8E-03,-667.7E-03
-3.7000E+00,+316.8E-03,-659.9E-03
-3.6900E+00,+316.9E-03,-654.0E-03
-3.6800E+00,+316.9E-03,-646.2E-03
-3.6700E+00,+316.9E-03,-634.5E-03
-3.6600E+00,+317.0E-03,-626.7E-03
-3.6500E+00,+317.0E-03,-622.8E-03
-3.6400E+00,+317.0E-03,-620.8E-03
-3.6300E+00,+317.0E-03,-607.2E-03
-3.6200E+00,+317.0E-03,-597.4E-03
-3.6100E+00,+317.0E-03,-593.5E-03
-3.6000E+00,+317.0E-03,-587.6E-03
-3.5900E+00,+317.0E-03,-579.8E-03
-3.5800E+00,+316.9E-03,-568.1E-03
-3.5700E+00,+316.9E-03,-562.3E-03
-3.5600E+00,+316.8E-03,-550.5E-03
-3.5500E+00,+316.7E-03,-540.8E-03
-3.5400E+00,+316.6E-03,-538.8E-03
-3.5300E+00,+316.4E-03,-536.9E-03
-3.5200E+00,+316.2E-03,-536.9E-03
-3.5100E+00,+316.0E-03,-529.0E-03
-3.5000E+00,+315.9E-03,-517.3E-03
-3.4900E+00,+315.8E-03,-511.5E-03
-3.4800E+00,+315.8E-03,-499.8E-03
-3.4700E+00,+315.9E-03,-497.8E-03
-3.4600E+00,+316.0E-03,-493.9E-03
-3.4500E+00,+316.1E-03,-482.2E-03
-3.4400E+00,+316.2E-03,-474.4E-03
-3.4300E+00,+316.3E-03,-466.5E-03
-3.4200E+00,+316.5E-03,-460.7E-03
-3.4100E+00,+316.6E-03,-449.0E-03
-3.4000E+00,+316.6E-03,-441.2E-03
-3.3900E+00,+316.7E-03,-439.2E-03
-3.3800E+00,+316.8E-03,-435.3E-03
-3.3700E+00,+316.8E-03,-425.5E-03
-3.3600E+00,+316.9E-03,-413.8E-03
-3.3500E+00,+316.9E-03,-409.9E-03
-3.3400E+00,+317.0E-03,-408.0E-03
-3.3300E+00,+317.0E-03,-400.1E-03
-3.3200E+00,+317.0E-03,-390.4E-03
-3.3100E+00,+317.0E-03,-380.6E-03
-3.3000E+00,+317.0E-03,-374.8E-03
-3.2900E+00,+317.0E-03,-366.9E-03
-3.2800E+00,+317.1E-03,-355.2E-03
-3.2700E+00,+317.1E-03,-351.3E-03
-3.2600E+00,+317.1E-03,-351.3E-03
-3.2500E+00,+317.1E-03,-349.4E-03
-3.2400E+00,+317.1E-03,-345.5E-03
-3.2300E+00,+317.1E-03,-331.8E-03
-3.2200E+00,+317.1E-03,-320.1E-03
-3.2100E+00,+317.1E-03,-312.3E-03
-3.2000E+00,+317.1E-03,-306.4E-03
-3.1900E+00,+317.1E-03,-298.6E-03
-3.1800E+00,+317.1E-03,-283.0E-03
-3.1700E+00,+317.1E-03,-277.1E-03
-3.1600E+00,+317.1E-03,-275.1E-03
-3.1500E+00,+317.1E-03,-271.2E-03
-3.1400E+00,+317.1E-03,-261.5E-03
-3.1300E+00,+317.1E-03,-247.8E-03
-3.1200E+00,+317.1E-03,-241.9E-03
-3.1100E+00,+317.1E-03,-240.0E-03
-3.1000E+00,+317.1E-03,-236.1E-03
-3.0900E+00,+317.1E-03,-230.2E-03
-3.0800E+00,+317.1E-03,-216.5E-03
-3.0700E+00,+317.1E-03,-212.6E-03
-3.0600E+00,+317.1E-03,-208.7E-03
-3.0500E+00,+317.1E-03,-195.1E-03
-3.0400E+00,+317.1E-03,-187.3E-03
-3.0300E+00,+317.1E-03,-179.4E-03
-3.0200E+00,+317.1E-03,-177.5E-03
-3.0100E+00,+317.0E-03,-173.6E-03
-3.0000E+00,+317.0E-03,-161.9E-03
-2.9900E+00,+317.0E-03,-154.0E-03
-2.9800E+00,+317.0E-03,-148.2E-03
-2.9700E+00,+317.0E-03,-140.4E-03
-2.9600E+00,+317.0E-03,-126.7E-03
-2.9500E+00,+317.0E-03,-118.9E-03
-2.9400E+00,+317.0E-03,-116.9E-03
-2.9300E+00,+317.0E-03,-113.0E-03
-2.9200E+00,+317.0E-03,-107.2E-03
-2.9100E+00,+316.9E-03,-93.5E-03
-2.9000E+00,+316.9E-03,-85.7E-03
-2.8900E+00,+316.9E-03,-85.7E-03
-2.8800E+00,+316.8E-03,-81.8E-03
-2.8700E+00,+316.8E-03,-75.9E-03
-2.8600E+00,+316.7E-03,-64.2E-03
-2.8500E+00,+316.7E-03,-56.4E-03
-2.8400E+00,+316.6E-03,-48.6E-03
-2.8300E+00,+316.5E-03,-34.9E-03
-2.8200E+00,+316.4E-03,-27.1E-03
-2.8100E+00,+316.2E-03,-19.3E-03
-2.8000E+00,+316.1E-03,-9.5E-03
-2.7900E+00,+315.9E-03,-7.6E-03
-2.7800E+00,+315.6E-03,-5.6E-03
-2.7700E+00,+315.4E-03,-5.6E-03
-2.7600E+00,+315.0E-03,-5.6E-03
-2.7500E+00,+314.7E-03,+6.1E-03
-2.7400E+00,+314.4E-03,+17.8E-03
-2.7300E+00,+314.1E-03,+29.5E-03
-2.7200E+00,+313.9E-03,+37.4E-03
-2.7100E+00,+313.8E-03,+49.1E-03
-2.7000E+00,+313.8E-03,+56.9E-03
-2.6900E+00,+313.8E-03,+58.8E-03
-2.6800E+00,+313.9E-03,+62.7E-03
-2.6700E+00,+314.1E-03,+68.6E-03
-2.6600E+00,+314.3E-03,+84.2E-03
-2.6500E+00,+314.5E-03,+96.0E-03
-2.6400E+00,+314.7E-03,+97.9E-03
-2.6300E+00,+314.9E-03,+99.9E-03
-2.6200E+00,+315.1E-03,+105.7E-03
-2.6100E+00,+315.3E-03,+115.5E-03
-2.6000E+00,+315.5E-03,+123.3E-03
-2.5900E+00,+315.6E-03,+127.2E-03
-2.5800E+00,+315.8E-03,+137.0E-03
-2.5700E+00,+315.9E-03,+146.7E-03
-2.5600E+00,+316.0E-03,+154.5E-03
-2.5500E+00,+316.1E-03,+156.5E-03
-2.5400E+00,+316.2E-03,+160.4E-03
-2.5300E+00,+316.3E-03,+172.1E-03
-2.5200E+00,+316.4E-03,+181.9E-03
-2.5100E+00,+316.5E-03,+187.7E-03
-2.5000E+00,+316.5E-03,+193.6E-03
-2.4900E+00,+316.6E-03,+203.4E-03
-2.4800E+00,+316.6E-03,+215.1E-03
-2.4700E+00,+316.6E-03,+219.0E-03
-2.4600E+00,+316.7E-03,+221.0E-03
-2.4500E+00,+316.7E-03,+226.8E-03
-2.4400E+00,+316.7E-03,+236.6E-03
-2.4300E+00,+316.8E-03,+250.2E-03
-2.4200E+00,+316.8E-03,+254.2E-03
-2.4100E+00,+316.8E-03,+256.1E-03
-2.4000E+00,+316.8E-03,+262.0E-03
-2.3900E+00,+316.8E-03,+269.8E-03
-2.3800E+00,+316.9E-03,+279.5E-03
-2.3700E+00,+316.9E-03,+283.5E-03
-2.3600E+00,+316.9E-03,+291.3E-03
-2.3500E+00,+316.9E-03,+306.9E-03
-2.3400E+00,+316.9E-03,+316.7E-03
-2.3300E+00,+316.9E-03,+320.6E-03
-2.3200E+00,+316.9E-03,+322.5E-03
-2.3100E+00,+316.9E-03,+322.5E-03
-2.3000E+00,+316.9E-03,+332.3E-03
-2.2900E+00,+316.9E-03,+340.1E-03
-2.2800E+00,+316.9E-03,+347.9E-03
-2.2700E+00,+316.9E-03,+353.8E-03
-2.2600E+00,+316.9E-03,+365.5E-03
-2.2500E+00,+316.9E-03,+377.2E-03
-2.2400E+00,+316.9E-03,+379.2E-03
-2.2300E+00,+316.9E-03,+383.1E-03
-2.2200E+00,+316.9E-03,+390.9E-03
-2.2100E+00,+316.9E-03,+402.6E-03
-2.2000E+00,+316.9E-03,+410.4E-03
-2.1900E+00,+316.8E-03,+412.4E-03
-2.1800E+00,+316.8E-03,+418.2E-03
-2.1700E+00,+316.8E-03,+428.0E-03
-2.1600E+00,+316.8E-03,+435.8E-03
-2.1500E+00,+316.8E-03,+443.6E-03
-2.1400E+00,+316.7E-03,+449.5E-03
-2.1300E+00,+316.7E-03,+461.2E-03
-2.1200E+00,+316.7E-03,+465.1E-03
-2.1100E+00,+316.6E-03,+467.0E-03
-2.1000E+00,+316.6E-03,+474.9E-03
-2.0900E+00,+316.5E-03,+488.5E-03
-2.0800E+00,+316.5E-03,+506.1E-03
-2.0700E+00,+316.4E-03,+508.1E-03
-2.0600E+00,+316.3E-03,+510.0E-03
-2.0500E+00,+316.2E-03,+510.0E-03
-2.0400E+00,+316.1E-03,+512.0E-03
-2.0300E+00,+316.0E-03,+519.8E-03
-2.0200E+00,+315.9E-03,+527.6E-03
-2.0100E+00,+315.8E-03,+533.5E-03
-2.0000E+00,+315.6E-03,+543.2E-03
-1.9900E+00,+315.5E-03,+553.0E-03
-1.9800E+00,+315.3E-03,+562.7E-03
-1.9700E+00,+315.2E-03,+564.7E-03
-1.9600E+00,+315.1E-03,+568.6E-03
-1.9500E+00,+314.9E-03,+580.3E-03
-1.9400E+00,+314.9E-03,+588.1E-03
-1.9300E+00,+314.8E-03,+592.0E-03
-1.9200E+00,+314.8E-03,+596.0E-03
-1.9100E+00,+314.8E-03,+603.8E-03
-1.9000E+00,+314.9E-03,+617.4E-03
-1.8900E+00,+315.0E-03,+623.3E-03
-1.8800E+00,+315.0E-03,+631.1E-03
-1.8700E+00,+315.2E-03,+638.9E-03
-1.8600E+00,+315.3E-03,+646.7E-03
-1.8500E+00,+315.4E-03,+648.7E-03
-1.8400E+00,+315.5E-03,+650.6E-03
-1.8300E+00,+315.6E-03,+652.6E-03
-1.8200E+00,+315.6E-03,+660.4E-03
-1.8100E+00,+315.7E-03,+676.0E-03
-1.8000E+00,+315.8E-03,+685.8E-03
-1.7900E+00,+315.8E-03,+689.7E-03
-1.7800E+00,+315.9E-03,+697.5E-03
-1.7700E+00,+315.9E-03,+707.3E-03
-1.7600E+00,+316.0E-03,+717.0E-03
-1.7500E+00,+316.0E-03,+721.0E-03
-1.7400E+00,+316.0E-03,+722.9E-03
-1.7300E+00,+316.0E-03,+732.7E-03
-1.7200E+00,+316.0E-03,+744.4E-03
-1.7100E+00,+315.9E-03,+752.2E-03
-1.7000E+00,+315.9E-03,+756.1E-03
-1.6900E+00,+315.9E-03,+758.1E-03
-1.6800E+00,+315.8E-03,+765.9E-03
-1.6700E+00,+315.7E-03,+775.6E-03
-1.6600E+00,+315.7E-03,+783.5E-03
-1.6500E+00,+315.6E-03,+787.4E-03
-1.6400E+00,+315.5E-03,+795.2E-03
-1.6300E+00,+315.4E-03,+810.8E-03
-1.6200E+00,+315.3E-03,+814.7E-03
-1.6100E+00,+315.2E-03,+818.6E-03
-1.6000E+00,+315.1E-03,+822.5E-03
-1.5900E+00,+315.0E-03,+830.3E-03
-1.5800E+00,+314.9E-03,+842.0E-03
-1.5700E+00,+314.8E-03,+846.0E-03
-1.5600E+00,+314.7E-03,+853.8E-03
-1.5500E+00,+314.6E-03,+867.4E-03
-1.5400E+00,+314.6E-03,+873.3E-03
-1.5300E+00,+314.6E-03,+877.2E-03
-1.5200E+00,+314.6E-03,+879.2E-03
-1.5100E+00,+314.6E-03,+887.0E-03
-1.5000E+00,+314.6E-03,+902.6E-03
-1.4900E+00,+314.7E-03,+910.4E-03
-1.4800E+00,+314.8E-03,+912.4E-03
-1.4700E+00,+314.8E-03,+914.3E-03
-1.4600E+00,+314.9E-03,+920.2E-03
-1.4500E+00,+315.0E-03,+931.9E-03
-1.4400E+00,+315.1E-03,+937.7E-03
-1.4300E+00,+315.2E-03,+949.5E-03
-1.4200E+00,+315.2E-03,+963.1E-03
-1.4100E+00,+315.3E-03,+974.9E-03
-1.4000E+00,+315.3E-03,+976.8E-03
-1.3900E+00,+315.4E-03,+978.8E-03
-1.3800E+00,+315.4E-03,+978.8E-03
-1.3700E+00,+315.5E-03,+980.7E-03
-1.3600E+00,+315.5E-03,+988.5E-03
-1.3500E+00,+315.5E-03,+1.0002E+00
-1.3400E+00,+315.5E-03,+1.0100E+00
-1.3300E+00,+315.5E-03,+1.0217E+00
-1.3200E+00,+315.5E-03,+1.0276E+00
-1.3100E+00,+315.5E-03,+1.0335E+00
-1.3000E+00,+315.5E-03,+1.0471E+00
-1.2900E+00,+315.4E-03,+1.0530E+00
-1.2800E+00,+315.4E-03,+1.0569E+00
-1.2700E+00,+315.3E-03,+1.0569E+00
-1.2600E+00,+315.3E-03,+1.0627E+00
-1.2500E+00,+315.2E-03,+1.0784E+00
-1.2400E+00,+315.1E-03,+1.0842E+00
-1.2300E+00,+315.0E-03,+1.0862E+00
-1.2200E+00,+314.9E-03,+1.0881E+00
-1.2100E+00,+314.8E-03,+1.0940E+00
-1.2000E+00,+314.7E-03,+1.1077E+00
-1.1900E+00,+314.6E-03,+1.1155E+00
-1.1800E+00,+314.6E-03,+1.1213E+00
-1.1700E+00,+314.5E-03,+1.1292E+00
-1.1600E+00,+314.5E-03,+1.1409E+00
-1.1500E+00,+314.6E-03,+1.1487E+00
-1.1400E+00,+314.6E-03,+1.1506E+00
-1.1300E+00,+314.6E-03,+1.1545E+00
-1.1200E+00,+314.7E-03,+1.1643E+00
-1.1100E+00,+314.8E-03,+1.1760E+00
-1.1000E+00,+314.9E-03,+1.1799E+00
-1.0900E+00,+315.1E-03,+1.1838E+00
-1.0800E+00,+315.2E-03,+1.1956E+00
-1.0700E+00,+315.3E-03,+1.2053E+00
-1.0600E+00,+315.4E-03,+1.2112E+00
-1.0500E+00,+315.5E-03,+1.2131E+00
-1.0400E+00,+315.6E-03,+1.2151E+00
-1.0300E+00,+315.7E-03,+1.2268E+00
-1.0200E+00,+315.8E-03,+1.2366E+00
-1.0100E+00,+315.9E-03,+1.2424E+00
-1.0000E+00,+316.0E-03,+1.2444E+00
-990.0E-03,+316.1E-03,+1.2483E+00
-980.0E-03,+316.1E-03,+1.2600E+00
-970.0E-03,+316.2E-03,+1.2698E+00
-960.0E-03,+316.3E-03,+1.2737E+00
-950.0E-03,+316.3E-03,+1.2815E+00
-940.0E-03,+316.4E-03,+1.2893E+00
-930.0E-03,+316.4E-03,+1.3010E+00
-920.0E-03,+316.5E-03,+1.3049E+00
-910.0E-03,+316.5E-03,+1.3069E+00
-900.0E-03,+316.5E-03,+1.3069E+00
-890.0E-03,+316.6E-03,+1.3127E+00
-880.0E-03,+316.6E-03,+1.3284E+00
-870.0E-03,+316.6E-03,+1.3381E+00
-860.0E-03,+316.6E-03,+1.3440E+00
-850.0E-03,+316.7E-03,+1.3538E+00
-840.0E-03,+316.7E-03,+1.3616E+00
-830.0E-03,+316.7E-03,+1.3674E+00
-820.0E-03,+316.7E-03,+1.3694E+00
-810.0E-03,+316.7E-03,+1.3752E+00
-800.0E-03,+316.7E-03,+1.3870E+00
-790.0E-03,+316.7E-03,+1.3948E+00
-780.0E-03,+316.7E-03,+1.4006E+00
-770.0E-03,+316.7E-03,+1.4045E+00
-760.0E-03,+316.7E-03,+1.4143E+00
-750.0E-03,+316.7E-03,+1.4260E+00
-740.0E-03,+316.7E-03,+1.4319E+00
-730.0E-03,+316.7E-03,+1.4436E+00
-720.0E-03,+316.7E-03,+1.4534E+00
-710.0E-03,+316.7E-03,+1.4612E+00
-700.0E-03,+316.7E-03,+1.4612E+00
-690.0E-03,+316.7E-03,+1.4631E+00
-680.0E-03,+316.7E-03,+1.4670E+00
-670.0E-03,+316.7E-03,+1.4827E+00
-660.0E-03,+316.7E-03,+1.4983E+00
-650.0E-03,+316.7E-03,+1.5002E+00
-640.0E-03,+316.7E-03,+1.5022E+00
-630.0E-03,+316.6E-03,+1.5022E+00
-620.0E-03,+316.6E-03,+1.5022E+00
-610.0E-03,+316.6E-03,+1.5081E+00
-600.0E-03,+316.6E-03,+1.5237E+00
-590.0E-03,+316.5E-03,+1.5315E+00
-580.0E-03,+316.5E-03,+1.5413E+00
-570.0E-03,+316.4E-03,+1.5510E+00
-560.0E-03,+316.4E-03,+1.5608E+00
-550.0E-03,+316.3E-03,+1.5647E+00
-540.0E-03,+316.3E-03,+1.5686E+00
-530.0E-03,+316.2E-03,+1.5803E+00
-520.0E-03,+316.1E-03,+1.5901E+00
-510.0E-03,+315.9E-03,+1.5979E+00
-500.0E-03,+315.8E-03,+1.5999E+00
-490.0E-03,+315.7E-03,+1.6038E+00
-480.0E-03,+315.5E-03,+1.6155E+00
-470.0E-03,+315.3E-03,+1.6233E+00
-460.0E-03,+315.0E-03,+1.6292E+00
-450.0E-03,+314.8E-03,+1.6428E+00
-440.0E-03,+314.6E-03,+1.6545E+00
-430.0E-03,+314.3E-03,+1.6643E+00
-420.0E-03,+314.1E-03,+1.6643E+00
-410.0E-03,+313.8E-03,+1.6663E+00
-400.0E-03,+313.7E-03,+1.6702E+00
-390.0E-03,+313.7E-03,+1.6780E+00
-380.0E-03,+313.7E-03,+1.6897E+00
-370.0E-03,+313.7E-03,+1.6936E+00
-360.0E-03,+313.7E-03,+1.6995E+00
-350.0E-03,+313.8E-03,+1.7131E+00
-340.0E-03,+314.0E-03,+1.7210E+00
-330.0E-03,+314.2E-03,+1.7268E+00
-320.0E-03,+314.4E-03,+1.7288E+00
-310.0E-03,+314.6E-03,+1.7327E+00
-300.0E-03,+314.8E-03,+1.7463E+00
-290.0E-03,+315.0E-03,+1.7542E+00
-280.0E-03,+315.2E-03,+1.7581E+00
-270.0E-03,+315.3E-03,+1.7600E+00
-260.0E-03,+315.5E-03,+1.7639E+00
-250.0E-03,+315.6E-03,+1.7776E+00
-240.0E-03,+315.8E-03,+1.7854E+00
-230.0E-03,+315.9E-03,+1.7913E+00
-220.0E-03,+316.0E-03,+1.7952E+00
-210.0E-03,+316.1E-03,+1.8049E+00
-200.0E-03,+316.2E-03,+1.8167E+00
-190.0E-03,+316.3E-03,+1.8206E+00
-180.0E-03,+316.3E-03,+1.8225E+00
-170.0E-03,+316.4E-03,+1.8303E+00
-160.0E-03,+316.5E-03,+1.8401E+00
-150.0E-03,+316.5E-03,+1.8499E+00
-140.0E-03,+316.6E-03,+1.8538E+00
-130.0E-03,+316.6E-03,+1.8635E+00
-120.0E-03,+316.6E-03,+1.8752E+00
-110.0E-03,+316.7E-03,+1.8831E+00
-100.0E-03,+316.7E-03,+1.8850E+00
-90.0E-03,+316.7E-03,+1.8850E+00
-80.0E-03,+316.8E-03,+1.8928E+00
-70.0E-03,+316.8E-03,+1.9045E+00
-60.0E-03,+316.8E-03,+1.9124E+00
-50.0E-03,+316.8E-03,+1.9163E+00
-40.0E-03,+316.9E-03,+1.9163E+00
-30.0E-03,+316.9E-03,+1.9260E+00
-20.0E-03,+316.9E-03,+1.9377E+00
-10.0E-03,+316.9E-03,+1.9456E+00
+0E+00,+316.9E-03,+1.9534E+00
+10E-03,+316.9E-03,+1.9592E+00
+20.0E-03,+316.9E-03,+1.9729E+00
+30.0E-03,+316.9E-03,+1.9885E+00
+40.0E-03,+316.9E-03,+2.0022E+00
+50.0E-03,+316.9E-03,+2.0081E+00
+60.0E-03,+316.9E-03,+2.0100E+00
+70.0E-03,+317.0E-03,+2.0100E+00
+80.0E-03,+317.0E-03,+2.0100E+00
+90.0E-03,+317.0E-03,+2.0159E+00
+100E-03,+317.0E-03,+2.0276E+00
+110.0E-03,+317.0E-03,+2.0315E+00
+120.0E-03,+317.0E-03,+2.0413E+00
+130.0E-03,+317.0E-03,+2.0530E+00
+140.0E-03,+317.0E-03,+2.0627E+00
+150.0E-03,+317.0E-03,+2.0667E+00
+160.0E-03,+317.0E-03,+2.0667E+00
+170.0E-03,+316.9E-03,+2.0764E+00
+180.0E-03,+316.9E-03,+2.0881E+00
+190.0E-03,+316.9E-03,+2.0979E+00
+200.0E-03,+316.9E-03,+2.1018E+00
+210.0E-03,+316.9E-03,+2.1018E+00
+220.0E-03,+316.9E-03,+2.1096E+00
+230.0E-03,+316.9E-03,+2.1174E+00
+240.0E-03,+316.8E-03,+2.1252E+00
+250.0E-03,+316.8E-03,+2.1311E+00
+260.0E-03,+316.7E-03,+2.1389E+00
+270.0E-03,+316.7E-03,+2.1545E+00
+280.0E-03,+316.6E-03,+2.1585E+00
+290.0E-03,+316.5E-03,+2.1604E+00
+300.0E-03,+316.4E-03,+2.1682E+00
+310.0E-03,+316.3E-03,+2.1760E+00
+320.0E-03,+316.2E-03,+2.1858E+00
+330.0E-03,+316.0E-03,+2.1897E+00
+340.0E-03,+315.9E-03,+2.1956E+00
+350.0E-03,+315.7E-03,+2.2092E+00
+360.0E-03,+315.5E-03,+2.2151E+00
+370.0E-03,+315.4E-03,+2.2190E+00
+380.0E-03,+315.3E-03,+2.2210E+00
+390.0E-03,+315.3E-03,+2.2288E+00
+400.0E-03,+315.3E-03,+2.2424E+00
+410.0E-03,+315.4E-03,+2.2502E+00
+420.0E-03,+315.5E-03,+2.2542E+00
+430.0E-03,+315.6E-03,+2.2561E+00
+440.0E-03,+315.7E-03,+2.2639E+00
+450.0E-03,+315.9E-03,+2.2756E+00
+460.0E-03,+316.0E-03,+2.2815E+00
+470.0E-03,+316.1E-03,+2.2854E+00
+480.0E-03,+316.2E-03,+2.2952E+00
+490.0E-03,+316.3E-03,+2.3088E+00
+500.0E-03,+316.4E-03,+2.3186E+00
+510.0E-03,+316.5E-03,+2.3206E+00
+520.0E-03,+316.6E-03,+2.3225E+00
+530.0E-03,+316.6E-03,+2.3245E+00
+540.0E-03,+316.6E-03,+2.3323E+00
+550.0E-03,+316.7E-03,+2.3440E+00
+560.0E-03,+316.7E-03,+2.3499E+00
+570.0E-03,+316.8E-03,+2.3577E+00
+580.0E-03,+316.8E-03,+2.3694E+00
+590.0E-03,+316.8E-03,+2.3792E+00
+600.0E-03,+316.8E-03,+2.3831E+00
+610.0E-03,+316.8E-03,+2.3850E+00
+620.0E-03,+316.8E-03,+2.3948E+00
+630.0E-03,+316.8E-03,+2.4045E+00
+640.0E-03,+316.8E-03,+2.4124E+00
+650.0E-03,+316.7E-03,+2.4143E+00
+660.0E-03,+316.7E-03,+2.4182E+00
+670.0E-03,+316.6E-03,+2.4319E+00
+680.0E-03,+316.6E-03,+2.4377E+00
+690.0E-03,+316.5E-03,+2.4436E+00
+700.0E-03,+316.4E-03,+2.4592E+00
+710.0E-03,+316.2E-03,+2.4690E+00
+720.0E-03,+316.1E-03,+2.4768E+00
+730.0E-03,+315.9E-03,+2.4768E+00
+740.0E-03,+315.8E-03,+2.4788E+00
+750.0E-03,+315.6E-03,+2.4807E+00
+760.0E-03,+315.5E-03,+2.4885E+00
+770.0E-03,+315.4E-03,+2.5042E+00
+780.0E-03,+315.3E-03,+2.5081E+00
+790.0E-03,+315.3E-03,+2.5100E+00
+800.0E-03,+315.4E-03,+2.5139E+00
+810.0E-03,+315.5E-03,+2.5217E+00
+820.0E-03,+315.6E-03,+2.5354E+00
+830.0E-03,+315.7E-03,+2.5413E+00
+840.0E-03,+315.8E-03,+2.5491E+00
+850.0E-03,+315.9E-03,+2.5627E+00
+860.0E-03,+316.0E-03,+2.5667E+00
+870.0E-03,+316.1E-03,+2.5706E+00
+880.0E-03,+316.2E-03,+2.5784E+00
+890.0E-03,+316.3E-03,+2.5881E+00
+900.0E-03,+316.4E-03,+2.5979E+00
+910.0E-03,+316.5E-03,+2.5999E+00
+920.0E-03,+316.5E-03,+2.6038E+00
+930.0E-03,+316.6E-03,+2.6116E+00
+940.0E-03,+316.7E-03,+2.6213E+00
+950.0E-03,+316.7E-03,+2.6272E+00
+960.0E-03,+316.8E-03,+2.6350E+00
+970.0E-03,+316.8E-03,+2.6526E+00
+980.0E-03,+316.8E-03,+2.6604E+00
+990.0E-03,+316.8E-03,+2.6643E+00
+1.000E+00,+316.9E-03,+2.6663E+00
+1.0100E+00,+316.9E-03,+2.6663E+00
+1.0200E+00,+316.9E-03,+2.6760E+00
+1.0300E+00,+316.9E-03,+2.6838E+00
+1.0400E+00,+316.9E-03,+2.6917E+00
+1.0500E+00,+316.8E-03,+2.6956E+00
+1.0600E+00,+316.8E-03,+2.7014E+00
+1.0700E+00,+316.7E-03,+2.7170E+00
+1.0800E+00,+316.7E-03,+2.7229E+00
+1.0900E+00,+316.5E-03,+2.7268E+00
+1.1000E+00,+316.4E-03,+2.7307E+00
+1.1100E+00,+316.3E-03,+2.7385E+00
+1.1200E+00,+316.1E-03,+2.7522E+00
+1.1300E+00,+315.9E-03,+2.7581E+00
+1.1400E+00,+315.8E-03,+2.7600E+00
+1.1500E+00,+315.7E-03,+2.7639E+00
+1.1600E+00,+315.6E-03,+2.7717E+00
+1.1700E+00,+315.6E-03,+2.7854E+00
+1.1800E+00,+315.6E-03,+2.7893E+00
+1.1900E+00,+315.8E-03,+2.7932E+00
+1.2000E+00,+315.9E-03,+2.8049E+00
+1.2100E+00,+316.0E-03,+2.8127E+00
+1.2200E+00,+316.1E-03,+2.8206E+00
+1.2300E+00,+316.3E-03,+2.8225E+00
+1.2400E+00,+316.4E-03,+2.8264E+00
+1.2500E+00,+316.5E-03,+2.8381E+00
+1.2600E+00,+316.6E-03,+2.8460E+00
+1.2700E+00,+316.6E-03,+2.8518E+00
+1.2800E+00,+316.7E-03,+2.8616E+00
+1.2900E+00,+316.8E-03,+2.8713E+00
+1.3000E+00,+316.8E-03,+2.8811E+00
+1.3100E+00,+316.9E-03,+2.8831E+00
+1.3200E+00,+316.9E-03,+2.8850E+00
+1.3300E+00,+317.0E-03,+2.8909E+00
+1.3400E+00,+317.0E-03,+2.9026E+00
+1.3500E+00,+317.0E-03,+2.9124E+00
+1.3600E+00,+317.0E-03,+2.9143E+00
+1.3700E+00,+317.0E-03,+2.9163E+00
+1.3800E+00,+317.1E-03,+2.9221E+00
+1.3900E+00,+317.1E-03,+2.9338E+00
+1.4000E+00,+317.1E-03,+2.9456E+00
+1.4100E+00,+317.1E-03,+2.9495E+00
+1.4200E+00,+317.1E-03,+2.9631E+00
+1.4300E+00,+317.1E-03,+2.9729E+00
+1.4400E+00,+317.1E-03,+2.9768E+00
+1.4500E+00,+317.1E-03,+2.9788E+00
+1.4600E+00,+317.1E-03,+2.9788E+00
+1.4700E+00,+317.1E-03,+2.9788E+00
+1.4800E+00,+317.1E-03,+2.9827E+00
+1.4900E+00,+317.1E-03,+2.9944E+00
+1.5000E+00,+317.1E-03,+3.0081E+00
+1.5100E+00,+317.1E-03,+3.0159E+00
+1.5200E+00,+317.1E-03,+3.0276E+00
+1.5300E+00,+317.1E-03,+3.0335E+00
+1.5400E+00,+317.1E-03,+3.0432E+00
+1.5500E+00,+317.1E-03,+3.0549E+00
+1.5600E+00,+317.1E-03,+3.0608E+00
+1.5700E+00,+317.1E-03,+3.0627E+00
+1.5800E+00,+317.1E-03,+3.0667E+00
+1.5900E+00,+317.1E-03,+3.0784E+00
+1.6000E+00,+317.1E-03,+3.0920E+00
+1.6100E+00,+317.1E-03,+3.0960E+00
+1.6200E+00,+317.1E-03,+3.0979E+00
+1.6300E+00,+317.1E-03,+3.1018E+00
+1.6400E+00,+317.1E-03,+3.1116E+00
+1.6500E+00,+317.1E-03,+3.1213E+00
+1.6600E+00,+317.1E-03,+3.1252E+00
+1.6700E+00,+317.1E-03,+3.1331E+00
+1.6800E+00,+317.1E-03,+3.1428E+00
+1.6900E+00,+317.1E-03,+3.1506E+00
+1.7000E+00,+317.1E-03,+3.1545E+00
+1.7100E+00,+317.1E-03,+3.1565E+00
+1.7200E+00,+317.1E-03,+3.1663E+00
+1.7300E+00,+317.1E-03,+3.1780E+00
+1.7400E+00,+317.1E-03,+3.1858E+00
+1.7500E+00,+317.1E-03,+3.1897E+00
+1.7600E+00,+317.1E-03,+3.1956E+00
+1.7700E+00,+317.1E-03,+3.2073E+00
+1.7800E+00,+317.1E-03,+3.2131E+00
+1.7900E+00,+317.1E-03,+3.2151E+00
+1.8000E+00,+317.0E-03,+3.2170E+00
+1.8100E+00,+317.0E-03,+3.2249E+00
+1.8200E+00,+317.0E-03,+3.2385E+00
+1.8300E+00,+316.9E-03,+3.2444E+00
+1.8400E+00,+316.8E-03,+3.2483E+00
+1.8500E+00,+316.7E-03,+3.2502E+00
+1.8600E+00,+316.5E-03,+3.2581E+00
+1.8700E+00,+316.3E-03,+3.2737E+00
+1.8800E+00,+316.1E-03,+3.2815E+00
+1.8900E+00,+315.8E-03,+3.2835E+00
+1.9000E+00,+315.5E-03,+3.2971E+00
+1.9100E+00,+315.1E-03,+3.3088E+00
+1.9200E+00,+314.8E-03,+3.3186E+00
+1.9300E+00,+314.6E-03,+3.3206E+00
+1.9400E+00,+314.5E-03,+3.3225E+00
+1.9500E+00,+314.6E-03,+3.3245E+00
+1.9600E+00,+314.7E-03,+3.3284E+00
+1.9700E+00,+314.8E-03,+3.3401E+00
+1.9800E+00,+315.0E-03,+3.3460E+00
+1.9900E+00,+315.2E-03,+3.3518E+00
+2.0000E+00,+315.4E-03,+3.3655E+00
+2.0100E+00,+315.6E-03,+3.3733E+00
+2.0200E+00,+315.8E-03,+3.3792E+00
+2.0300E+00,+316.0E-03,+3.3811E+00
+2.0400E+00,+316.1E-03,+3.3870E+00
+2.0500E+00,+316.3E-03,+3.4006E+00
+2.0600E+00,+316.4E-03,+3.4065E+00
+2.0700E+00,+316.5E-03,+3.4124E+00
+2.0800E+00,+316.6E-03,+3.4143E+00
+2.0900E+00,+316.6E-03,+3.4221E+00
+2.1000E+00,+316.7E-03,+3.4338E+00
+2.1100E+00,+316.8E-03,+3.4377E+00
+2.1200E+00,+316.8E-03,+3.4436E+00
+2.1300E+00,+316.9E-03,+3.4534E+00
+2.1400E+00,+316.9E-03,+3.4631E+00
+2.1500E+00,+316.9E-03,+3.4690E+00
+2.1600E+00,+317.0E-03,+3.4729E+00
+2.1700E+00,+317.0E-03,+3.4807E+00
+2.1800E+00,+317.0E-03,+3.4905E+00
+2.1900E+00,+317.0E-03,+3.5002E+00
+2.2000E+00,+317.0E-03,+3.5081E+00
+2.2100E+00,+317.0E-03,+3.5100E+00
+2.2200E+00,+317.1E-03,+3.5100E+00
+2.2300E+00,+317.1E-03,+3.5139E+00
+2.2400E+00,+317.1E-03,+3.5217E+00
+2.2500E+00,+317.1E-03,+3.5354E+00
+2.2600E+00,+317.1E-03,+3.5413E+00
+2.2700E+00,+317.1E-03,+3.5530E+00
+2.2800E+00,+317.1E-03,+3.5608E+00
+2.2900E+00,+317.1E-03,+3.5647E+00
+2.3000E+00,+317.1E-03,+3.5706E+00
+2.3100E+00,+317.1E-03,+3.5784E+00
+2.3200E+00,+317.1E-03,+3.5920E+00
+2.3300E+00,+317.1E-03,+3.5940E+00
+2.3400E+00,+317.1E-03,+3.5979E+00
+2.3500E+00,+317.1E-03,+3.6077E+00
+2.3600E+00,+317.2E-03,+3.6174E+00
+2.3700E+00,+317.1E-03,+3.6252E+00
+2.3800E+00,+317.1E-03,+3.6311E+00
+2.3900E+00,+317.1E-03,+3.6409E+00
+2.4000E+00,+317.1E-03,+3.6487E+00
+2.4100E+00,+317.2E-03,+3.6506E+00
+2.4200E+00,+317.2E-03,+3.6526E+00
+2.4300E+00,+317.2E-03,+3.6545E+00
+2.4400E+00,+317.1E-03,+3.6604E+00
+2.4500E+00,+317.1E-03,+3.6760E+00
+2.4600E+00,+317.2E-03,+3.6838E+00
+2.4700E+00,+317.2E-03,+3.6897E+00
+2.4800E+00,+317.2E-03,+3.6956E+00
+2.4900E+00,+317.2E-03,+3.7053E+00
+2.5000E+00,+317.2E-03,+3.7151E+00
+2.5100E+00,+317.2E-03,+3.7170E+00
+2.5200E+00,+317.2E-03,+3.7190E+00
+2.5300E+00,+317.2E-03,+3.7268E+00
+2.5400E+00,+317.2E-03,+3.7385E+00
+2.5500E+00,+317.2E-03,+3.7522E+00
+2.5600E+00,+317.2E-03,+3.7542E+00
+2.5700E+00,+317.2E-03,+3.7561E+00
+2.5800E+00,+317.1E-03,+3.7620E+00
+2.5900E+00,+317.1E-03,+3.7737E+00
+2.6000E+00,+317.1E-03,+3.7835E+00
+2.6100E+00,+317.1E-03,+3.7874E+00
+2.6200E+00,+317.1E-03,+3.7932E+00
+2.6300E+00,+317.0E-03,+3.8030E+00
+2.6400E+00,+317.0E-03,+3.8147E+00
+2.6500E+00,+316.9E-03,+3.8186E+00
+2.6600E+00,+316.8E-03,+3.8206E+00
+2.6700E+00,+316.7E-03,+3.8264E+00
+2.6800E+00,+316.6E-03,+3.8362E+00
+2.6900E+00,+316.4E-03,+3.8440E+00
+2.7000E+00,+316.3E-03,+3.8499E+00
+2.7100E+00,+316.2E-03,+3.8577E+00
+2.7200E+00,+316.2E-03,+3.8733E+00
+2.7300E+00,+316.2E-03,+3.8811E+00
+2.7400E+00,+316.3E-03,+3.8831E+00
+2.7500E+00,+316.4E-03,+3.8870E+00
+2.7600E+00,+316.5E-03,+3.8909E+00
+2.7700E+00,+316.6E-03,+3.9045E+00
+2.7800E+00,+316.7E-03,+3.9124E+00
+2.7900E+00,+316.8E-03,+3.9143E+00
+2.8000E+00,+316.8E-03,+3.9163E+00
+2.8100E+00,+316.9E-03,+3.9221E+00
+2.8200E+00,+316.9E-03,+3.9338E+00
+2.8300E+00,+317.0E-03,+3.9417E+00
+2.8400E+00,+317.0E-03,+3.9456E+00
+2.8500E+00,+317.0E-03,+3.9553E+00
+2.8600E+00,+317.0E-03,+3.9631E+00
+2.8700E+00,+317.1E-03,+3.9749E+00
+2.8800E+00,+317.1E-03,+3.9827E+00
+2.8900E+00,+317.1E-03,+3.9905E+00
+2.9000E+00,+317.1E-03,+3.9924E+00
+2.9100E+00,+317.1E-03,+3.9944E+00
+2.9200E+00,+317.1E-03,+3.9944E+00
+2.9300E+00,+317.1E-03,+3.9983E+00
+2.9400E+00,+317.1E-03,+4.0061E+00
+2.9500E+00,+317.1E-03,+4.0237E+00
+2.9600E+00,+317.1E-03,+4.0315E+00
+2.9700E+00,+317.1E-03,+4.0413E+00
+2.9800E+00,+317.1E-03,+4.0510E+00
+2.9900E+00,+317.1E-03,+4.0588E+00
+3.0000E+00,+317.0E-03,+4.0608E+00
+3.0100E+00,+317.0E-03,+4.0647E+00
+3.0200E+00,+317.0E-03,+4.0745E+00
+3.0300E+00,+316.9E-03,+4.0881E+00
+3.0400E+00,+316.8E-03,+4.0940E+00
+3.0500E+00,+316.6E-03,+4.0960E+00
+3.0600E+00,+316.5E-03,+4.0979E+00
+3.0700E+00,+316.3E-03,+4.1077E+00
+3.0800E+00,+316.1E-03,+4.1194E+00
+3.0900E+00,+316.0E-03,+4.1252E+00
+3.1000E+00,+315.9E-03,+4.1311E+00
+3.1100E+00,+315.9E-03,+4.1389E+00
+3.1200E+00,+315.9E-03,+4.1506E+00
+3.1300E+00,+316.0E-03,+4.1526E+00
+3.1400E+00,+316.1E-03,+4.1545E+00
+3.1500E+00,+316.2E-03,+4.1624E+00
+3.1600E+00,+316.3E-03,+4.1721E+00
+3.1700E+00,+316.3E-03,+4.1838E+00
+3.1800E+00,+316.4E-03,+4.1877E+00
+3.1900E+00,+316.5E-03,+4.1917E+00
+3.2000E+00,+316.6E-03,+4.2053E+00
+3.2100E+00,+316.7E-03,+4.2092E+00
+3.2200E+00,+316.7E-03,+4.2131E+00
+3.2300E+00,+316.8E-03,+4.2170E+00
+3.2400E+00,+316.8E-03,+4.2210E+00
+3.2500E+00,+316.9E-03,+4.2366E+00
+3.2600E+00,+316.9E-03,+4.2424E+00
+3.2700E+00,+316.9E-03,+4.2483E+00
+3.2800E+00,+317.0E-03,+4.2522E+00
+3.2900E+00,+317.0E-03,+4.2561E+00
+3.3000E+00,+317.0E-03,+4.2698E+00
+3.3100E+00,+317.0E-03,+4.2776E+00
+3.3200E+00,+317.0E-03,+4.2835E+00
+3.3300E+00,+317.1E-03,+4.2893E+00
+3.3400E+00,+317.1E-03,+4.2991E+00
+3.3500E+00,+317.1E-03,+4.3108E+00
+3.3600E+00,+317.1E-03,+4.3147E+00
+3.3700E+00,+317.1E-03,+4.3167E+00
+3.3800E+00,+317.1E-03,+4.3167E+00
+3.3900E+00,+317.1E-03,+4.3206E+00
+3.4000E+00,+317.1E-03,+4.3342E+00
+3.4100E+00,+317.1E-03,+4.3401E+00
+3.4200E+00,+317.1E-03,+4.3479E+00
+3.4300E+00,+317.0E-03,+4.3557E+00
+3.4400E+00,+317.0E-03,+4.3655E+00
+3.4500E+00,+317.0E-03,+4.3733E+00
+3.4600E+00,+316.9E-03,+4.3752E+00
+3.4700E+00,+316.9E-03,+4.3811E+00
+3.4800E+00,+316.8E-03,+4.3909E+00
+3.4900E+00,+316.8E-03,+4.4026E+00
+3.5000E+00,+316.8E-03,+4.4065E+00
+3.5100E+00,+316.8E-03,+4.4104E+00
+3.5200E+00,+316.9E-03,+4.4182E+00
+3.5300E+00,+316.9E-03,+4.4280E+00
+3.5400E+00,+316.9E-03,+4.4358E+00
+3.5500E+00,+316.9E-03,+4.4436E+00
+3.5600E+00,+317.0E-03,+4.4495E+00
+3.5700E+00,+317.0E-03,+4.4592E+00
+3.5800E+00,+317.0E-03,+4.4612E+00
+3.5900E+00,+317.1E-03,+4.4631E+00
+3.6000E+00,+317.1E-03,+4.4651E+00
+3.6100E+00,+317.1E-03,+4.4710E+00
+3.6200E+00,+317.1E-03,+4.4905E+00
+3.6300E+00,+317.1E-03,+4.5042E+00
+3.6400E+00,+317.1E-03,+4.5081E+00
+3.6500E+00,+317.1E-03,+4.5100E+00
+3.6600E+00,+317.1E-03,+4.5100E+00
+3.6700E+00,+317.1E-03,+4.5100E+00
+3.6800E+00,+317.1E-03,+4.5178E+00
+3.6900E+00,+317.1E-03,+4.5276E+00
+3.7000E+00,+317.1E-03,+4.5354E+00
+3.7100E+00,+317.1E-03,+4.5413E+00
+3.7200E+00,+317.1E-03,+4.5549E+00
+3.7300E+00,+317.2E-03,+4.5608E+00
+3.7400E+00,+317.2E-03,+4.5647E+00
+3.7500E+00,+317.2E-03,+4.5706E+00
+3.7600E+00,+317.2E-03,+4.5803E+00
+3.7700E+00,+317.1E-03,+4.5901E+00
+3.7800E+00,+317.2E-03,+4.5940E+00
+3.7900E+00,+317.2E-03,+4.5960E+00
+3.8000E+00,+317.2E-03,+4.6057E+00
+3.8100E+00,+317.2E-03,+4.6155E+00
+3.8200E+00,+317.2E-03,+4.6233E+00
+3.8300E+00,+317.2E-03,+4.6292E+00
+3.8400E+00,+317.2E-03,+4.6389E+00
+3.8500E+00,+317.2E-03,+4.6467E+00
+3.8600E+00,+317.2E-03,+4.6487E+00
+3.8700E+00,+317.2E-03,+4.6506E+00
+3.8800E+00,+317.2E-03,+4.6526E+00
+3.8900E+00,+317.2E-03,+4.6604E+00
+3.9000E+00,+317.2E-03,+4.6760E+00
+3.9100E+00,+317.2E-03,+4.6838E+00
+3.9200E+00,+317.2E-03,+4.6877E+00
+3.9300E+00,+317.2E-03,+4.6936E+00
+3.9400E+00,+317.2E-03,+4.7034E+00
+3.9500E+00,+317.2E-03,+4.7112E+00
+3.9600E+00,+317.2E-03,+4.7131E+00
+3.9700E+00,+317.2E-03,+4.7170E+00
+3.9800E+00,+317.2E-03,+4.7229E+00
+3.9900E+00,+317.2E-03,+4.7346E+00
+4.0000E+00,+317.2E-03,+4.7483E+00
+4.0100E+00,+317.2E-03,+4.7502E+00
+4.0200E+00,+317.2E-03,+4.7522E+00
+4.0300E+00,+317.2E-03,+4.7581E+00
+4.0400E+00,+317.2E-03,+4.7678E+00
+4.0500E+00,+317.2E-03,+4.7795E+00
+4.0600E+00,+317.2E-03,+4.7835E+00
+4.0700E+00,+317.2E-03,+4.7874E+00
+4.0800E+00,+317.2E-03,+4.7991E+00
+4.0900E+00,+317.2E-03,+4.8069E+00
+4.1000E+00,+317.2E-03,+4.8108E+00
+4.1100E+00,+317.1E-03,+4.8127E+00
+4.1200E+00,+317.1E-03,+4.8206E+00
+4.1300E+00,+317.1E-03,+4.8323E+00
+4.1400E+00,+317.1E-03,+4.8401E+00
+4.1500E+00,+317.1E-03,+4.8460E+00
+4.1600E+00,+317.1E-03,+4.8518E+00
+4.1700E+00,+317.1E-03,+4.8635E+00
+4.1800E+00,+317.1E-03,+4.8694E+00
+4.1900E+00,+317.0E-03,+4.8713E+00
+4.2000E+00,+317.0E-03,+4.8752E+00
+4.2100E+00,+316.9E-03,+4.8792E+00
+4.2200E+00,+316.9E-03,+4.8928E+00
+4.2300E+00,+316.8E-03,+4.9045E+00
+4.2400E+00,+316.7E-03,+4.9104E+00
+4.2500E+00,+316.6E-03,+4.9124E+00
+4.2600E+00,+316.6E-03,+4.9143E+00
+4.2700E+00,+316.5E-03,+4.9241E+00
+4.2800E+00,+316.5E-03,+4.9338E+00
+4.2900E+00,+316.6E-03,+4.9397E+00
+4.3000E+00,+316.6E-03,+4.9514E+00
+4.3100E+00,+316.6E-03,+4.9631E+00
+4.3200E+00,+316.7E-03,+4.9749E+00
+4.3300E+00,+316.7E-03,+4.9768E+00
+4.3400E+00,+316.8E-03,+4.9788E+00
+4.3500E+00,+316.8E-03,+4.9788E+00
+4.3600E+00,+316.9E-03,+4.9788E+00
+4.3700E+00,+316.9E-03,+4.9768E+00
+4.3800E+00,+316.9E-03,+4.9768E+00
+4.3900E+00,+317.0E-03,+4.9670E+00
+4.4000E+00,+317.0E-03,+4.9573E+00
+4.4100E+00,+317.0E-03,+4.9417E+00
+4.4200E+00,+317.0E-03,+4.9358E+00
+4.4300E+00,+317.0E-03,+4.9280E+00
+4.4400E+00,+317.0E-03,+4.9182E+00
+4.4500E+00,+317.0E-03,+4.9124E+00
+4.4600E+00,+317.0E-03,+4.9104E+00
+4.4700E+00,+316.9E-03,+4.9085E+00
+4.4800E+00,+316.9E-03,+4.8987E+00
+4.4900E+00,+316.8E-03,+4.8831E+00
+4.5000E+00,+316.7E-03,+4.8752E+00
+4.5100E+00,+316.7E-03,+4.8733E+00
+4.5200E+00,+316.6E-03,+4.8713E+00
+4.5300E+00,+316.6E-03,+4.8655E+00
+4.5400E+00,+316.6E-03,+4.8557E+00
+4.5500E+00,+316.6E-03,+4.8479E+00
+4.5600E+00,+316.6E-03,+4.8420E+00
+4.5700E+00,+316.6E-03,+4.8362E+00
+4.5800E+00,+316.6E-03,+4.8225E+00
+4.5900E+00,+316.7E-03,+4.8147E+00
+4.6000E+00,+316.7E-03,+4.8127E+00
+4.6100E+00,+316.8E-03,+4.8088E+00
+4.6200E+00,+316.8E-03,+4.8030E+00
+4.6300E+00,+316.8E-03,+4.7913E+00
+4.6400E+00,+316.9E-03,+4.7854E+00
+4.6500E+00,+316.9E-03,+4.7815E+00
+4.6600E+00,+316.9E-03,+4.7717E+00
+4.6700E+00,+316.9E-03,+4.7639E+00
+4.6800E+00,+317.0E-03,+4.7542E+00
+4.6900E+00,+317.0E-03,+4.7522E+00
+4.7000E+00,+317.0E-03,+4.7502E+00
+4.7100E+00,+317.0E-03,+4.7405E+00
+4.7200E+00,+317.0E-03,+4.7288E+00
+4.7300E+00,+317.0E-03,+4.7170E+00
+4.7400E+00,+317.1E-03,+4.7151E+00
+4.7500E+00,+317.1E-03,+4.7131E+00
+4.7600E+00,+317.1E-03,+4.7073E+00
+4.7700E+00,+317.1E-03,+4.6975E+00
+4.7800E+00,+317.1E-03,+4.6897E+00
+4.7900E+00,+317.1E-03,+4.6858E+00
+4.8000E+00,+317.1E-03,+4.6799E+00
+4.8100E+00,+317.1E-03,+4.6643E+00
+4.8200E+00,+317.1E-03,+4.6545E+00
+4.8300E+00,+317.1E-03,+4.6506E+00
+4.8400E+00,+317.1E-03,+4.6487E+00
+4.8500E+00,+317.1E-03,+4.6487E+00
+4.8600E+00,+317.1E-03,+4.6428E+00
+4.8700E+00,+317.1E-03,+4.6350E+00
+4.8800E+00,+317.1E-03,+4.6252E+00
+4.8900E+00,+317.1E-03,+4.6194E+00
+4.9000E+00,+317.1E-03,+4.6116E+00
+4.9100E+00,+317.1E-03,+4.5979E+00
+4.9200E+00,+317.1E-03,+4.5940E+00
+4.9300E+00,+317.1E-03,+4.5920E+00
+4.9400E+00,+317.1E-03,+4.5842E+00
+4.9500E+00,+317.1E-03,+4.5764E+00
+4.9600E+00,+317.1E-03,+4.5667E+00
+4.9700E+00,+317.1E-03,+4.5627E+00
+4.9800E+00,+317.1E-03,+4.5588E+00
+4.9900E+00,+317.1E-03,+4.5452E+00
+5.0000E+00,+317.1E-03,+4.5393E+00
+5.0100E+00,+317.1E-03,+4.5315E+00
+5.0200E+00,+317.1E-03,+4.5217E+00
+5.0300E+00,+317.1E-03,+4.5120E+00
+5.0400E+00,+317.1E-03,+4.5100E+00
+5.0500E+00,+317.1E-03,+4.5100E+00
+5.0600E+00,+317.1E-03,+4.5100E+00
+5.0700E+00,+317.1E-03,+4.5061E+00
+5.0800E+00,+317.1E-03,+4.4983E+00
+5.0900E+00,+317.1E-03,+4.4788E+00
+5.1000E+00,+317.1E-03,+4.4670E+00
+5.1100E+00,+317.1E-03,+4.4631E+00
+5.1200E+00,+317.1E-03,+4.4612E+00
+5.1300E+00,+317.1E-03,+4.4612E+00
+5.1400E+00,+317.1E-03,+4.4534E+00
+5.1500E+00,+317.1E-03,+4.4475E+00
+5.1600E+00,+317.1E-03,+4.4377E+00
+5.1700E+00,+317.1E-03,+4.4338E+00
+5.1800E+00,+317.1E-03,+4.4221E+00
+5.1900E+00,+317.2E-03,+4.4124E+00
+5.2000E+00,+317.2E-03,+4.4085E+00
+5.2100E+00,+317.1E-03,+4.4045E+00
+5.2200E+00,+317.1E-03,+4.3967E+00
+5.2300E+00,+317.1E-03,+4.3850E+00
+5.2400E+00,+317.1E-03,+4.3772E+00
+5.2500E+00,+317.0E-03,+4.3752E+00
+5.2600E+00,+317.0E-03,+4.3694E+00
+5.2700E+00,+316.9E-03,+4.3596E+00
+5.2800E+00,+316.8E-03,+4.3499E+00
+5.2900E+00,+316.8E-03,+4.3440E+00
+5.3000E+00,+316.8E-03,+4.3381E+00
+5.3100E+00,+316.8E-03,+4.3245E+00
+5.3200E+00,+316.8E-03,+4.3186E+00
+5.3300E+00,+316.8E-03,+4.3167E+00
+5.3400E+00,+316.9E-03,+4.3147E+00
+5.3500E+00,+316.9E-03,+4.3147E+00
+5.3600E+00,+316.9E-03,+4.3049E+00
+5.3700E+00,+317.0E-03,+4.2952E+00
+5.3800E+00,+317.0E-03,+4.2854E+00
+5.3900E+00,+317.0E-03,+4.2815E+00
+5.4000E+00,+317.0E-03,+4.2756E+00
+5.4100E+00,+317.0E-03,+4.2600E+00
+5.4200E+00,+317.1E-03,+4.2542E+00
+5.4300E+00,+317.1E-03,+4.2502E+00
+5.4400E+00,+317.1E-03,+4.2463E+00
+5.4500E+00,+317.1E-03,+4.2424E+00
+5.4600E+00,+317.1E-03,+4.2249E+00
+5.4700E+00,+317.1E-03,+4.2190E+00
+5.4800E+00,+317.1E-03,+4.2151E+00
+5.4900E+00,+317.1E-03,+4.2131E+00
+5.5000E+00,+317.1E-03,+4.2092E+00
+5.5100E+00,+317.1E-03,+4.1956E+00
+5.5200E+00,+317.1E-03,+4.1917E+00
+5.5300E+00,+317.1E-03,+4.1858E+00
+5.5400E+00,+317.1E-03,+4.1780E+00
+5.5500E+00,+317.1E-03,+4.1682E+00
+5.5600E+00,+317.1E-03,+4.1565E+00
+5.5700E+00,+317.1E-03,+4.1545E+00
+5.5800E+00,+317.1E-03,+4.1526E+00
+5.5900E+00,+317.1E-03,+4.1428E+00
+5.6000E+00,+317.1E-03,+4.1370E+00
+5.6100E+00,+317.0E-03,+4.1272E+00
+5.6200E+00,+316.9E-03,+4.1233E+00
+5.6300E+00,+316.8E-03,+4.1135E+00
+5.6400E+00,+316.6E-03,+4.1018E+00
+5.6500E+00,+316.4E-03,+4.0960E+00
+5.6600E+00,+316.2E-03,+4.0940E+00
+5.6700E+00,+316.1E-03,+4.0920E+00
+5.6800E+00,+316.0E-03,+4.0803E+00
+5.6900E+00,+315.9E-03,+4.0686E+00
+5.7000E+00,+315.9E-03,+4.0627E+00
+5.7100E+00,+315.9E-03,+4.0588E+00
+5.7200E+00,+316.0E-03,+4.0549E+00
+5.7300E+00,+316.0E-03,+4.0452E+00
+5.7400E+00,+316.1E-03,+4.0354E+00
+5.7500E+00,+316.2E-03,+4.0295E+00
+5.7600E+00,+316.3E-03,+4.0120E+00
+5.7700E+00,+316.4E-03,+4.0022E+00
+5.7800E+00,+316.5E-03,+3.9944E+00
+5.7900E+00,+316.5E-03,+3.9944E+00
+5.8000E+00,+316.6E-03,+3.9944E+00
+5.8100E+00,+316.7E-03,+3.9924E+00
+5.8200E+00,+316.7E-03,+3.9885E+00
+5.8300E+00,+316.8E-03,+3.9768E+00
+5.8400E+00,+316.8E-03,+3.9690E+00
+5.8500E+00,+316.9E-03,+3.9612E+00
+5.8600E+00,+316.9E-03,+3.9495E+00
+5.8700E+00,+316.9E-03,+3.9436E+00
+5.8800E+00,+317.0E-03,+3.9377E+00
+5.8900E+00,+317.0E-03,+3.9260E+00
+5.9000E+00,+317.0E-03,+3.9182E+00
+5.9100E+00,+317.0E-03,+3.9163E+00
+5.9200E+00,+317.1E-03,+3.9143E+00
+5.9300E+00,+317.1E-03,+3.9104E+00
+5.9400E+00,+317.1E-03,+3.8967E+00
+5.9500E+00,+317.1E-03,+3.8889E+00
+5.9600E+00,+317.1E-03,+3.8850E+00
+5.9700E+00,+317.1E-03,+3.8831E+00
+5.9800E+00,+317.1E-03,+3.8792E+00
+5.9900E+00,+317.1E-03,+3.8635E+00
+6.0000E+00,+317.0E-03,+3.8538E+00
+6.0100E+00,+316.9E-03,+3.8460E+00
+6.0200E+00,+316.8E-03,+3.8420E+00
+6.0300E+00,+316.6E-03,+3.8303E+00
+6.0400E+00,+316.5E-03,+3.8225E+00
+6.0500E+00,+316.3E-03,+3.8206E+00
+6.0600E+00,+316.3E-03,+3.8186E+00
+6.0700E+00,+316.2E-03,+3.8108E+00
+6.0800E+00,+316.2E-03,+3.7991E+00
+6.0900E+00,+316.3E-03,+3.7893E+00
+6.1000E+00,+316.3E-03,+3.7854E+00
+6.1100E+00,+316.4E-03,+3.7776E+00
+6.1200E+00,+316.4E-03,+3.7678E+00
+6.1300E+00,+316.5E-03,+3.7581E+00
+6.1400E+00,+316.6E-03,+3.7561E+00
+6.1500E+00,+316.7E-03,+3.7542E+00
+6.1600E+00,+316.8E-03,+3.7463E+00
+6.1700E+00,+316.8E-03,+3.7327E+00
+6.1800E+00,+316.8E-03,+3.7229E+00
+6.1900E+00,+316.9E-03,+3.7190E+00
+6.2000E+00,+316.9E-03,+3.7170E+00
+6.2100E+00,+317.0E-03,+3.7112E+00
+6.2200E+00,+317.0E-03,+3.7014E+00
+6.2300E+00,+317.0E-03,+3.6917E+00
+6.2400E+00,+317.0E-03,+3.6877E+00
+6.2500E+00,+317.1E-03,+3.6819E+00
+6.2600E+00,+317.1E-03,+3.6663E+00
+6.2700E+00,+317.1E-03,+3.6565E+00
+6.2800E+00,+317.1E-03,+3.6526E+00
+6.2900E+00,+317.1E-03,+3.6506E+00
+6.3000E+00,+317.1E-03,+3.6506E+00
+6.3100E+00,+317.1E-03,+3.6448E+00
+6.3200E+00,+317.1E-03,+3.6370E+00
+6.3300E+00,+317.1E-03,+3.6292E+00
+6.3400E+00,+317.1E-03,+3.6213E+00
+6.3500E+00,+317.1E-03,+3.6135E+00
+6.3600E+00,+317.1E-03,+3.5999E+00
+6.3700E+00,+317.1E-03,+3.5960E+00
+6.3800E+00,+317.1E-03,+3.5940E+00
+6.3900E+00,+317.1E-03,+3.5842E+00
+6.4000E+00,+317.1E-03,+3.5764E+00
+6.4100E+00,+317.1E-03,+3.5647E+00
+6.4200E+00,+317.1E-03,+3.5627E+00
+6.4300E+00,+317.1E-03,+3.5569E+00
+6.4400E+00,+317.1E-03,+3.5452E+00
+6.4500E+00,+317.1E-03,+3.5393E+00
+6.4600E+00,+317.1E-03,+3.5295E+00
+6.4700E+00,+317.1E-03,+3.5178E+00
+6.4800E+00,+317.1E-03,+3.5100E+00
+6.4900E+00,+317.1E-03,+3.5100E+00
+6.5000E+00,+317.1E-03,+3.5100E+00
+6.5100E+00,+317.1E-03,+3.5061E+00
+6.5200E+00,+317.1E-03,+3.4983E+00
+6.5300E+00,+317.1E-03,+3.4866E+00
+6.5400E+00,+317.1E-03,+3.4768E+00
+6.5500E+00,+317.1E-03,+3.4710E+00
+6.5600E+00,+317.1E-03,+3.4670E+00
+6.5700E+00,+317.1E-03,+3.4592E+00
+6.5800E+00,+317.1E-03,+3.4475E+00
+6.5900E+00,+317.1E-03,+3.4397E+00
+6.6000E+00,+317.1E-03,+3.4377E+00
+6.6100E+00,+317.1E-03,+3.4260E+00
+6.6200E+00,+317.1E-03,+3.4202E+00
+6.6300E+00,+317.1E-03,+3.4124E+00
+6.6400E+00,+317.1E-03,+3.4104E+00
+6.6500E+00,+317.1E-03,+3.4065E+00
+6.6600E+00,+317.1E-03,+3.3928E+00
+6.6700E+00,+317.1E-03,+3.3850E+00
+6.6800E+00,+317.1E-03,+3.3811E+00
+6.6900E+00,+317.1E-03,+3.3772E+00
+6.7000E+00,+317.1E-03,+3.3733E+00
+6.7100E+00,+317.1E-03,+3.3557E+00
+6.7200E+00,+317.1E-03,+3.3499E+00
+6.7300E+00,+317.0E-03,+3.3440E+00
+6.7400E+00,+317.0E-03,+3.3342E+00
+6.7500E+00,+316.9E-03,+3.3264E+00
+6.7600E+00,+316.9E-03,+3.3225E+00
+6.7700E+00,+316.7E-03,+3.3225E+00
+6.7800E+00,+316.5E-03,+3.3206E+00
+6.7900E+00,+316.2E-03,+3.3127E+00
+6.8000E+00,+315.8E-03,+3.3049E+00
+6.8100E+00,+315.4E-03,+3.2874E+00
+6.8200E+00,+315.1E-03,+3.2835E+00
+6.8300E+00,+314.9E-03,+3.2776E+00
+6.8400E+00,+314.7E-03,+3.2659E+00
+6.8500E+00,+314.6E-03,+3.2561E+00
+6.8600E+00,+314.6E-03,+3.2483E+00
+6.8700E+00,+314.7E-03,+3.2463E+00
+6.8800E+00,+314.8E-03,+3.2424E+00
+6.8900E+00,+314.9E-03,+3.2307E+00
+6.9000E+00,+315.1E-03,+3.2229E+00
+6.9100E+00,+315.3E-03,+3.2151E+00
+6.9200E+00,+315.5E-03,+3.2131E+00
+6.9300E+00,+315.6E-03,+3.2112E+00
+6.9400E+00,+315.8E-03,+3.1995E+00
+6.9500E+00,+316.0E-03,+3.1917E+00
+6.9600E+00,+316.1E-03,+3.1858E+00
+6.9700E+00,+316.2E-03,+3.1819E+00
+6.9800E+00,+316.3E-03,+3.1721E+00
+6.9900E+00,+316.4E-03,+3.1604E+00
+7.0000E+00,+316.5E-03,+3.1545E+00
+7.0100E+00,+316.6E-03,+3.1526E+00
+7.0200E+00,+316.7E-03,+3.1467E+00
+7.0300E+00,+316.7E-03,+3.1370E+00
+7.0400E+00,+316.8E-03,+3.1292E+00
+7.0500E+00,+316.8E-03,+3.1252E+00
+7.0600E+00,+316.8E-03,+3.1155E+00
+7.0700E+00,+316.9E-03,+3.1057E+00
+7.0800E+00,+316.9E-03,+3.0979E+00
+7.0900E+00,+316.9E-03,+3.0960E+00
+7.1000E+00,+317.0E-03,+3.0960E+00
+7.1100E+00,+317.0E-03,+3.0842E+00
+7.1200E+00,+317.0E-03,+3.0725E+00
+7.1300E+00,+317.0E-03,+3.0647E+00
+7.1400E+00,+317.0E-03,+3.0608E+00
+7.1500E+00,+317.0E-03,+3.0588E+00
+7.1600E+00,+317.0E-03,+3.0491E+00
+7.1700E+00,+317.0E-03,+3.0393E+00
+7.1800E+00,+317.1E-03,+3.0315E+00
+7.1900E+00,+317.1E-03,+3.0217E+00
+7.2000E+00,+317.1E-03,+3.0139E+00
+7.2100E+00,+317.1E-03,+3.0002E+00
+7.2200E+00,+317.1E-03,+2.9885E+00
+7.2300E+00,+317.1E-03,+2.9788E+00
+7.2400E+00,+317.1E-03,+2.9788E+00
+7.2500E+00,+317.1E-03,+2.9788E+00
+7.2600E+00,+317.1E-03,+2.9768E+00
+7.2700E+00,+317.1E-03,+2.9749E+00
+7.2800E+00,+317.1E-03,+2.9690E+00
+7.2900E+00,+317.1E-03,+2.9553E+00
+7.3000E+00,+317.1E-03,+2.9495E+00
+7.3100E+00,+317.1E-03,+2.9397E+00
+7.3200E+00,+317.1E-03,+2.9299E+00
+7.3300E+00,+317.1E-03,+2.9182E+00
+7.3400E+00,+317.1E-03,+2.9163E+00
+7.3500E+00,+317.1E-03,+2.9143E+00
+7.3600E+00,+317.1E-03,+2.9085E+00
+7.3700E+00,+317.1E-03,+2.8987E+00
+7.3800E+00,+317.1E-03,+2.8889E+00
+7.3900E+00,+317.1E-03,+2.8850E+00
+7.4000E+00,+317.1E-03,+2.8831E+00
+7.4100E+00,+317.1E-03,+2.8772E+00
+7.4200E+00,+317.1E-03,+2.8674E+00
+7.4300E+00,+317.1E-03,+2.8557E+00
+7.4400E+00,+317.1E-03,+2.8499E+00
+7.4500E+00,+317.1E-03,+2.8440E+00
+7.4600E+00,+317.1E-03,+2.8303E+00
+7.4700E+00,+317.0E-03,+2.8245E+00
+7.4800E+00,+317.0E-03,+2.8225E+00
+7.4900E+00,+317.0E-03,+2.8167E+00
+7.5000E+00,+317.0E-03,+2.8108E+00
+7.5100E+00,+317.0E-03,+2.7971E+00
+7.5200E+00,+317.0E-03,+2.7913E+00
+7.5300E+00,+316.9E-03,+2.7874E+00
+7.5400E+00,+316.8E-03,+2.7776E+00
+7.5500E+00,+316.7E-03,+2.7698E+00
+7.5600E+00,+316.5E-03,+2.7600E+00
+7.5700E+00,+316.3E-03,+2.7581E+00
+7.5800E+00,+316.1E-03,+2.7561E+00
+7.5900E+00,+315.9E-03,+2.7444E+00
+7.6000E+00,+315.8E-03,+2.7346E+00
+7.6100E+00,+315.7E-03,+2.7268E+00
+7.6200E+00,+315.6E-03,+2.7249E+00
+7.6300E+00,+315.6E-03,+2.7210E+00
+7.6400E+00,+315.6E-03,+2.7092E+00
+7.6500E+00,+315.7E-03,+2.6995E+00
+7.6600E+00,+315.8E-03,+2.6936E+00
+7.6700E+00,+315.9E-03,+2.6897E+00
+7.6800E+00,+316.0E-03,+2.6799E+00
+7.6900E+00,+316.1E-03,+2.6702E+00
+7.7000E+00,+316.2E-03,+2.6663E+00
+7.7100E+00,+316.3E-03,+2.6643E+00
+7.7200E+00,+316.4E-03,+2.6643E+00
+7.7300E+00,+316.5E-03,+2.6585E+00
+7.7400E+00,+316.6E-03,+2.6409E+00
+7.7500E+00,+316.6E-03,+2.6311E+00
+7.7600E+00,+316.7E-03,+2.6233E+00
+7.7700E+00,+316.7E-03,+2.6174E+00
+7.7800E+00,+316.8E-03,+2.6077E+00
+7.7900E+00,+316.8E-03,+2.6018E+00
+7.8000E+00,+316.8E-03,+2.5999E+00
+7.8100E+00,+316.9E-03,+2.5920E+00
+7.8200E+00,+316.9E-03,+2.5842E+00
+7.8300E+00,+316.9E-03,+2.5725E+00
+7.8400E+00,+316.9E-03,+2.5686E+00
+7.8500E+00,+316.9E-03,+2.5667E+00
+7.8600E+00,+316.9E-03,+2.5549E+00
+7.8700E+00,+316.9E-03,+2.5471E+00
+7.8800E+00,+316.9E-03,+2.5374E+00
+7.8900E+00,+316.9E-03,+2.5276E+00
+7.9000E+00,+316.8E-03,+2.5178E+00
+7.9100E+00,+316.8E-03,+2.5100E+00
+7.9200E+00,+316.7E-03,+2.5100E+00
+7.9300E+00,+316.6E-03,+2.5061E+00
+7.9400E+00,+316.5E-03,+2.4963E+00
+7.9500E+00,+316.3E-03,+2.4846E+00
+7.9600E+00,+316.1E-03,+2.4788E+00
+7.9700E+00,+315.9E-03,+2.4788E+00
+7.9800E+00,+315.7E-03,+2.4768E+00
+7.9900E+00,+315.6E-03,+2.4749E+00
+8.0000E+00,+315.4E-03,+2.4651E+00
+8.0100E+00,+315.4E-03,+2.4495E+00
+8.0200E+00,+315.3E-03,+2.4417E+00
+8.0300E+00,+315.3E-03,+2.4358E+00
+8.0400E+00,+315.4E-03,+2.4241E+00
+8.0500E+00,+315.4E-03,+2.4163E+00
+8.0600E+00,+315.5E-03,+2.4124E+00
+8.0700E+00,+315.6E-03,+2.4104E+00
+8.0800E+00,+315.7E-03,+2.4006E+00
+8.0900E+00,+315.8E-03,+2.3889E+00
+8.1000E+00,+315.9E-03,+2.3831E+00
+8.1100E+00,+316.0E-03,+2.3811E+00
+8.1200E+00,+316.1E-03,+2.3752E+00
+8.1300E+00,+316.2E-03,+2.3635E+00
+8.1400E+00,+316.3E-03,+2.3538E+00
+8.1500E+00,+316.3E-03,+2.3479E+00
+8.1600E+00,+316.4E-03,+2.3381E+00
+8.1700E+00,+316.4E-03,+2.3284E+00
+8.1800E+00,+316.5E-03,+2.3225E+00
+8.1900E+00,+316.5E-03,+2.3225E+00
+8.2000E+00,+316.6E-03,+2.3206E+00
+8.2100E+00,+316.6E-03,+2.3147E+00
+8.2200E+00,+316.6E-03,+2.3030E+00
+8.2300E+00,+316.7E-03,+2.2893E+00
+8.2400E+00,+316.7E-03,+2.2835E+00
+8.2500E+00,+316.7E-03,+2.2795E+00
+8.2600E+00,+316.7E-03,+2.2678E+00
+8.2700E+00,+316.7E-03,+2.2600E+00
+8.2800E+00,+316.6E-03,+2.2542E+00
+8.2900E+00,+316.6E-03,+2.2522E+00
+8.3000E+00,+316.6E-03,+2.2483E+00
+8.3100E+00,+316.5E-03,+2.2346E+00
+8.3200E+00,+316.4E-03,+2.2249E+00
+8.3300E+00,+316.2E-03,+2.2190E+00
+8.3400E+00,+316.0E-03,+2.2170E+00
+8.3500E+00,+315.8E-03,+2.2131E+00
+8.3600E+00,+315.7E-03,+2.2014E+00
+8.3700E+00,+315.5E-03,+2.1936E+00
+8.3800E+00,+315.4E-03,+2.1877E+00
+8.3900E+00,+315.3E-03,+2.1819E+00
+8.4000E+00,+315.2E-03,+2.1741E+00
+8.4100E+00,+315.3E-03,+2.1624E+00
+8.4200E+00,+315.3E-03,+2.1604E+00
+8.4300E+00,+315.4E-03,+2.1565E+00
+8.4400E+00,+315.5E-03,+2.1448E+00
+8.4500E+00,+315.6E-03,+2.1370E+00
+8.4600E+00,+315.7E-03,+2.1272E+00
+8.4700E+00,+315.8E-03,+2.1233E+00
+8.4800E+00,+315.9E-03,+2.1135E+00
+8.4900E+00,+316.0E-03,+2.1038E+00
+8.5000E+00,+316.1E-03,+2.1018E+00
+8.5100E+00,+316.2E-03,+2.0999E+00
+8.5200E+00,+316.3E-03,+2.0940E+00
+8.5300E+00,+316.4E-03,+2.0823E+00
+8.5400E+00,+316.5E-03,+2.0706E+00
+8.5500E+00,+316.5E-03,+2.0667E+00
+8.5600E+00,+316.6E-03,+2.0647E+00
+8.5700E+00,+316.6E-03,+2.0588E+00
+8.5800E+00,+316.6E-03,+2.0471E+00
+8.5900E+00,+316.7E-03,+2.0354E+00
+8.6000E+00,+316.7E-03,+2.0295E+00
+8.6100E+00,+316.8E-03,+2.0198E+00
+8.6200E+00,+316.8E-03,+2.0139E+00
+8.6300E+00,+316.8E-03,+2.0100E+00
+8.6400E+00,+316.8E-03,+2.0100E+00
+8.6500E+00,+316.8E-03,+2.0081E+00
+8.6600E+00,+316.9E-03,+2.0061E+00
+8.6700E+00,+316.9E-03,+1.9963E+00
+8.6800E+00,+316.9E-03,+1.9788E+00
+8.6900E+00,+316.9E-03,+1.9651E+00
+8.7000E+00,+316.9E-03,+1.9573E+00
+8.7100E+00,+316.9E-03,+1.9475E+00
+8.7200E+00,+316.9E-03,+1.9417E+00
+8.7300E+00,+316.9E-03,+1.9319E+00
+8.7400E+00,+316.9E-03,+1.9202E+00
+8.7500E+00,+316.9E-03,+1.9163E+00
+8.7600E+00,+316.9E-03,+1.9143E+00
+8.7700E+00,+316.9E-03,+1.9104E+00
+8.7800E+00,+316.9E-03,+1.8987E+00
+8.7900E+00,+316.9E-03,+1.8889E+00
+8.8000E+00,+316.9E-03,+1.8850E+00
+8.8100E+00,+316.9E-03,+1.8831E+00
+8.8200E+00,+316.9E-03,+1.8792E+00
+8.8300E+00,+316.9E-03,+1.8694E+00
+8.8400E+00,+316.9E-03,+1.8577E+00
+8.8500E+00,+316.9E-03,+1.8538E+00
+8.8600E+00,+316.9E-03,+1.8440E+00
+8.8700E+00,+316.8E-03,+1.8342E+00
+8.8800E+00,+316.8E-03,+1.8245E+00
+8.8900E+00,+316.8E-03,+1.8225E+00
+8.9000E+00,+316.8E-03,+1.8206E+00
+8.9100E+00,+316.8E-03,+1.8108E+00
+8.9200E+00,+316.8E-03,+1.8010E+00
+8.9300E+00,+316.8E-03,+1.7913E+00
+8.9400E+00,+316.7E-03,+1.7874E+00
+8.9500E+00,+316.7E-03,+1.7815E+00
+8.9600E+00,+316.7E-03,+1.7678E+00
+8.9700E+00,+316.7E-03,+1.7620E+00
+8.9800E+00,+316.6E-03,+1.7600E+00
+8.9900E+00,+316.6E-03,+1.7561E+00
+9.0000E+00,+316.6E-03,+1.7502E+00
+9.0100E+00,+316.5E-03,+1.7366E+00
+9.0200E+00,+316.5E-03,+1.7307E+00
+9.0300E+00,+316.4E-03,+1.7288E+00
+9.0400E+00,+316.3E-03,+1.7249E+00
+9.0500E+00,+316.2E-03,+1.7170E+00
+9.0600E+00,+316.1E-03,+1.7034E+00
+9.0700E+00,+316.0E-03,+1.6975E+00
+9.0800E+00,+315.8E-03,+1.6917E+00
+9.0900E+00,+315.6E-03,+1.6838E+00
+9.1000E+00,+315.3E-03,+1.6741E+00
+9.1100E+00,+315.0E-03,+1.6663E+00
+9.1200E+00,+314.7E-03,+1.6663E+00
+9.1300E+00,+314.4E-03,+1.6643E+00
+9.1400E+00,+314.2E-03,+1.6604E+00
+9.1500E+00,+313.9E-03,+1.6506E+00
+9.1600E+00,+313.8E-03,+1.6331E+00
+9.1700E+00,+313.7E-03,+1.6272E+00
+9.1800E+00,+313.7E-03,+1.6194E+00
+9.1900E+00,+313.7E-03,+1.6077E+00
+9.2000E+00,+313.7E-03,+1.6018E+00
+9.2100E+00,+313.8E-03,+1.5979E+00
+9.2200E+00,+313.9E-03,+1.5940E+00
+9.2300E+00,+314.1E-03,+1.5862E+00
+9.2400E+00,+314.2E-03,+1.5725E+00
+9.2500E+00,+314.4E-03,+1.5667E+00
+9.2600E+00,+314.6E-03,+1.5627E+00
+9.2700E+00,+314.8E-03,+1.5569E+00
+9.2800E+00,+314.9E-03,+1.5452E+00
+9.2900E+00,+315.1E-03,+1.5354E+00
+9.3000E+00,+315.2E-03,+1.5295E+00
+9.3100E+00,+315.4E-03,+1.5139E+00
+9.3200E+00,+315.5E-03,+1.5061E+00
+9.3300E+00,+315.6E-03,+1.5022E+00
+9.3400E+00,+315.8E-03,+1.5022E+00
+9.3500E+00,+315.9E-03,+1.5022E+00
+9.3600E+00,+315.9E-03,+1.5002E+00
+9.3700E+00,+316.0E-03,+1.4905E+00
+9.3800E+00,+316.1E-03,+1.4749E+00
+9.3900E+00,+316.2E-03,+1.4631E+00
+9.4000E+00,+316.2E-03,+1.4631E+00
+9.4100E+00,+316.3E-03,+1.4612E+00
+9.4200E+00,+316.3E-03,+1.4573E+00
+9.4300E+00,+316.4E-03,+1.4475E+00
+9.4400E+00,+316.4E-03,+1.4358E+00
+9.4500E+00,+316.5E-03,+1.4299E+00
+9.4600E+00,+316.5E-03,+1.4202E+00
+9.4700E+00,+316.5E-03,+1.4085E+00
+9.4800E+00,+316.5E-03,+1.4006E+00
+9.4900E+00,+316.5E-03,+1.3967E+00
+9.5000E+00,+316.6E-03,+1.3928E+00
+9.5100E+00,+316.6E-03,+1.3792E+00
+9.5200E+00,+316.6E-03,+1.3713E+00
+9.5300E+00,+316.6E-03,+1.3694E+00
+9.5400E+00,+316.6E-03,+1.3635E+00
+9.5500E+00,+316.6E-03,+1.3596E+00
+9.5600E+00,+316.6E-03,+1.3479E+00
+9.5700E+00,+316.7E-03,+1.3420E+00
+9.5800E+00,+316.7E-03,+1.3342E+00
+9.5900E+00,+316.7E-03,+1.3167E+00
+9.6000E+00,+316.7E-03,+1.3108E+00
+9.6100E+00,+316.6E-03,+1.3069E+00
+9.6200E+00,+316.7E-03,+1.3049E+00
+9.6300E+00,+316.7E-03,+1.3030E+00
+9.6400E+00,+316.7E-03,+1.2932E+00
+9.6500E+00,+316.6E-03,+1.2854E+00
+9.6600E+00,+316.6E-03,+1.2756E+00
+9.6700E+00,+316.6E-03,+1.2717E+00
+9.6800E+00,+316.6E-03,+1.2639E+00
+9.6900E+00,+316.6E-03,+1.2522E+00
+9.7000E+00,+316.6E-03,+1.2463E+00
+9.7100E+00,+316.6E-03,+1.2424E+00
+9.7200E+00,+316.5E-03,+1.2405E+00
+9.7300E+00,+316.5E-03,+1.2327E+00
+9.7400E+00,+316.5E-03,+1.2190E+00
+9.7500E+00,+316.5E-03,+1.2151E+00
+9.7600E+00,+316.4E-03,+1.2112E+00
+9.7700E+00,+316.4E-03,+1.2092E+00
+9.7800E+00,+316.3E-03,+1.1995E+00
+9.7900E+00,+316.3E-03,+1.1877E+00
+9.8000E+00,+316.2E-03,+1.1819E+00
+9.8100E+00,+316.1E-03,+1.1780E+00
+9.8200E+00,+316.1E-03,+1.1702E+00
+9.8300E+00,+316.0E-03,+1.1585E+00
+9.8400E+00,+315.8E-03,+1.1506E+00
+9.8500E+00,+315.7E-03,+1.1487E+00
+9.8600E+00,+315.6E-03,+1.1448E+00
+9.8700E+00,+315.5E-03,+1.1350E+00
+9.8800E+00,+315.3E-03,+1.1233E+00
+9.8900E+00,+315.2E-03,+1.1174E+00
+9.9000E+00,+315.0E-03,+1.1135E+00
+9.9100E+00,+314.9E-03,+1.0999E+00
+9.9200E+00,+314.8E-03,+1.0920E+00
+9.9300E+00,+314.7E-03,+1.0881E+00
+9.9400E+00,+314.7E-03,+1.0862E+00
+9.9500E+00,+314.6E-03,+1.0823E+00
+9.9600E+00,+314.6E-03,+1.0686E+00
+9.9700E+00,+314.6E-03,+1.0608E+00
+9.9800E+00,+314.6E-03,+1.0569E+00
+9.9900E+00,+314.7E-03,+1.0549E+00
+10.000E+00,+314.7E-03,+1.0510E+00
+10.0100E+00,+314.8E-03,+1.0374E+00
+10.0200E+00,+314.9E-03,+1.0295E+00
+10.0300E+00,+314.9E-03,+1.0237E+00
+10.0400E+00,+315.0E-03,+1.0139E+00
+10.0500E+00,+315.1E-03,+1.0061E+00
+10.0600E+00,+315.2E-03,+992.4E-03
+10.0700E+00,+315.3E-03,+984.6E-03
+10.0800E+00,+315.3E-03,+978.8E-03
+10.0900E+00,+315.4E-03,+978.8E-03
+10.1000E+00,+315.4E-03,+978.8E-03
+10.1100E+00,+315.5E-03,+976.8E-03
+10.1200E+00,+315.5E-03,+969.0E-03
+10.1300E+00,+315.6E-03,+953.4E-03
+10.1400E+00,+315.6E-03,+941.7E-03
+10.1500E+00,+315.6E-03,+935.8E-03
+10.1600E+00,+315.6E-03,+924.1E-03
+10.1700E+00,+315.6E-03,+918.2E-03
+10.1800E+00,+315.6E-03,+914.3E-03
+10.1900E+00,+315.6E-03,+912.4E-03
+10.2000E+00,+315.5E-03,+906.5E-03
+10.2100E+00,+315.5E-03,+890.9E-03
+10.2200E+00,+315.4E-03,+881.1E-03
+10.2300E+00,+315.4E-03,+877.2E-03
+10.2400E+00,+315.3E-03,+875.2E-03
+10.2500E+00,+315.2E-03,+871.3E-03
+10.2600E+00,+315.1E-03,+857.7E-03
+10.2700E+00,+314.9E-03,+849.9E-03
+10.2800E+00,+314.8E-03,+844.0E-03
+10.2900E+00,+314.8E-03,+836.2E-03
+10.3000E+00,+314.7E-03,+828.4E-03
+10.3100E+00,+314.6E-03,+818.6E-03
+10.3200E+00,+314.5E-03,+816.7E-03
+10.3300E+00,+314.5E-03,+812.7E-03
+10.3400E+00,+314.5E-03,+801.0E-03
+10.3500E+00,+314.5E-03,+793.2E-03
+10.3600E+00,+314.5E-03,+785.4E-03
+10.3700E+00,+314.6E-03,+779.5E-03
+10.3800E+00,+314.6E-03,+771.7E-03
+10.3900E+00,+314.7E-03,+760.0E-03
+10.4000E+00,+314.8E-03,+756.1E-03
+10.4100E+00,+314.9E-03,+754.2E-03
+10.4200E+00,+315.0E-03,+748.3E-03
+10.4300E+00,+315.0E-03,+738.5E-03
+10.4400E+00,+315.1E-03,+724.9E-03
+10.4500E+00,+315.2E-03,+721.0E-03
+10.4600E+00,+315.3E-03,+719.0E-03
+10.4700E+00,+315.4E-03,+713.1E-03
+10.4800E+00,+315.5E-03,+703.4E-03
+10.4900E+00,+315.5E-03,+691.7E-03
+10.5000E+00,+315.6E-03,+687.7E-03
+10.5100E+00,+315.6E-03,+679.9E-03
+10.5200E+00,+315.7E-03,+668.2E-03
+10.5300E+00,+315.7E-03,+654.5E-03
+10.5400E+00,+315.8E-03,+650.6E-03
+10.5500E+00,+315.8E-03,+650.6E-03
+10.5600E+00,+315.8E-03,+648.7E-03
+10.5700E+00,+315.8E-03,+642.8E-03
+10.5800E+00,+315.8E-03,+633.1E-03
+10.5900E+00,+315.8E-03,+625.2E-03
+10.6000E+00,+315.7E-03,+621.3E-03
+10.6100E+00,+315.7E-03,+607.7E-03
+10.6200E+00,+315.6E-03,+599.9E-03
+10.6300E+00,+315.5E-03,+594.0E-03
+10.6400E+00,+315.4E-03,+590.1E-03
+10.6500E+00,+315.3E-03,+586.2E-03
+10.6600E+00,+315.2E-03,+572.5E-03
+10.6700E+00,+315.0E-03,+566.7E-03
+10.6800E+00,+314.9E-03,+562.7E-03
+10.6900E+00,+314.8E-03,+556.9E-03
+10.7000E+00,+314.7E-03,+549.1E-03
+10.7100E+00,+314.7E-03,+535.4E-03
+10.7200E+00,+314.7E-03,+531.5E-03
+10.7300E+00,+314.7E-03,+523.7E-03
+10.7400E+00,+314.7E-03,+513.9E-03
+10.7500E+00,+314.8E-03,+510.0E-03
+10.7600E+00,+314.9E-03,+510.0E-03
+10.7700E+00,+315.0E-03,+508.1E-03
+10.7800E+00,+315.1E-03,+508.1E-03
+10.7900E+00,+315.2E-03,+496.3E-03
+10.8000E+00,+315.3E-03,+482.7E-03
+10.8100E+00,+315.4E-03,+467.0E-03
+10.8200E+00,+315.6E-03,+465.1E-03
+10.8300E+00,+315.7E-03,+463.1E-03
+10.8400E+00,+315.8E-03,+455.3E-03
+10.8500E+00,+315.9E-03,+447.5E-03
+10.8600E+00,+316.0E-03,+437.7E-03
+10.8700E+00,+316.1E-03,+431.9E-03
+10.8800E+00,+316.1E-03,+422.1E-03
+10.8900E+00,+316.2E-03,+414.3E-03
+10.9000E+00,+316.3E-03,+412.4E-03
+10.9100E+00,+316.3E-03,+406.5E-03
+10.9200E+00,+316.4E-03,+396.7E-03
+10.9300E+00,+316.4E-03,+385.0E-03
+10.9400E+00,+316.5E-03,+381.1E-03
+10.9500E+00,+316.5E-03,+379.2E-03
+10.9600E+00,+316.6E-03,+369.4E-03
+10.9700E+00,+316.6E-03,+359.6E-03
+10.9800E+00,+316.6E-03,+349.9E-03
+10.9900E+00,+316.7E-03,+344.0E-03
+11.0000E+00,+316.7E-03,+336.2E-03
+11.0100E+00,+316.7E-03,+324.5E-03
+11.0200E+00,+316.7E-03,+322.5E-03
+11.0300E+00,+316.7E-03,+320.6E-03
+11.0400E+00,+316.8E-03,+318.6E-03
+11.0500E+00,+316.8E-03,+312.7E-03
+11.0600E+00,+316.8E-03,+297.1E-03
+11.0700E+00,+316.8E-03,+287.4E-03
+11.0800E+00,+316.8E-03,+281.5E-03
+11.0900E+00,+316.8E-03,+273.7E-03
+11.1000E+00,+316.8E-03,+267.8E-03
+11.1100E+00,+316.8E-03,+258.1E-03
+11.1200E+00,+316.8E-03,+256.1E-03
+11.1300E+00,+316.8E-03,+252.2E-03
+11.1400E+00,+316.8E-03,+242.4E-03
+11.1500E+00,+316.8E-03,+232.7E-03
+11.1600E+00,+316.8E-03,+222.9E-03
+11.1700E+00,+316.8E-03,+219.0E-03
+11.1800E+00,+316.8E-03,+217.0E-03
+11.1900E+00,+316.8E-03,+207.3E-03
+11.2000E+00,+316.8E-03,+197.5E-03
+11.2100E+00,+316.8E-03,+189.7E-03
+11.2200E+00,+316.8E-03,+185.8E-03
+11.2300E+00,+316.8E-03,+178.0E-03
+11.2400E+00,+316.8E-03,+164.3E-03
+11.2500E+00,+316.8E-03,+158.5E-03
+11.2600E+00,+316.8E-03,+154.5E-03
+11.2700E+00,+316.8E-03,+150.6E-03
+11.2800E+00,+316.8E-03,+142.8E-03
+11.2900E+00,+316.8E-03,+131.1E-03
+11.3000E+00,+316.8E-03,+125.2E-03
+11.3100E+00,+316.7E-03,+119.4E-03
+11.3200E+00,+316.7E-03,+109.6E-03
+11.3300E+00,+316.7E-03,+101.8E-03
+11.3400E+00,+316.7E-03,+99.9E-03
+11.3500E+00,+316.6E-03,+97.9E-03
+11.3600E+00,+316.6E-03,+90.1E-03
+11.3700E+00,+316.5E-03,+76.4E-03
+11.3800E+00,+316.4E-03,+64.7E-03
+11.3900E+00,+316.3E-03,+60.8E-03
+11.4000E+00,+316.2E-03,+58.8E-03
+11.4100E+00,+316.0E-03,+53.0E-03
+11.4200E+00,+315.8E-03,+41.3E-03
+11.4300E+00,+315.5E-03,+33.5E-03
+11.4400E+00,+315.2E-03,+23.7E-03
+11.4500E+00,+314.8E-03,+13.9E-03
+11.4600E+00,+314.4E-03,-1.7E-03
+11.4700E+00,+314.2E-03,-5.6E-03
+11.4800E+00,+313.9E-03,-5.6E-03
+11.4900E+00,+313.8E-03,-7.6E-03
+11.5000E+00,+313.8E-03,-7.6E-03
+11.5100E+00,+313.8E-03,-13.4E-03
+11.5200E+00,+313.9E-03,-23.2E-03
+11.5300E+00,+314.0E-03,-31.0E-03
+11.5400E+00,+314.2E-03,-44.7E-03
+11.5500E+00,+314.4E-03,-52.5E-03
+11.5600E+00,+314.6E-03,-62.3E-03
+11.5700E+00,+314.8E-03,-70.1E-03
+11.5800E+00,+314.9E-03,-79.8E-03
+11.5900E+00,+315.1E-03,-83.7E-03
+11.6000E+00,+315.3E-03,-85.7E-03
+11.6100E+00,+315.5E-03,-91.5E-03
+11.6200E+00,+315.7E-03,-101.3E-03
+11.6300E+00,+315.8E-03,-111.1E-03
+11.6400E+00,+315.9E-03,-115.0E-03
+11.6500E+00,+316.0E-03,-116.9E-03
+11.6600E+00,+316.1E-03,-122.8E-03
+11.6700E+00,+316.2E-03,-132.6E-03
+11.6800E+00,+316.3E-03,-146.2E-03
+11.6900E+00,+316.4E-03,-152.1E-03
+11.7000E+00,+316.5E-03,-156.0E-03
+11.7100E+00,+316.5E-03,-169.7E-03
+11.7200E+00,+316.6E-03,-175.5E-03
+11.7300E+00,+316.6E-03,-179.4E-03
+11.7400E+00,+316.7E-03,-183.3E-03
+11.7500E+00,+316.7E-03,-189.2E-03
+11.7600E+00,+316.8E-03,-204.8E-03
+11.7700E+00,+316.8E-03,-210.7E-03
+11.7800E+00,+316.8E-03,-214.6E-03
+11.7900E+00,+316.9E-03,-224.4E-03
+11.8000E+00,+316.9E-03,-232.2E-03
+11.8100E+00,+316.9E-03,-240.0E-03
+11.8200E+00,+316.9E-03,-241.9E-03
+11.8300E+00,+316.9E-03,-243.9E-03
+11.8400E+00,+316.9E-03,-257.6E-03
+11.8500E+00,+317.0E-03,-265.4E-03
+11.8600E+00,+317.0E-03,-275.1E-03
+11.8700E+00,+317.0E-03,-277.1E-03
+11.8800E+00,+317.0E-03,-279.0E-03
+11.8900E+00,+317.0E-03,-292.7E-03
+11.9000E+00,+317.0E-03,-302.5E-03
+11.9100E+00,+317.0E-03,-310.3E-03
+11.9200E+00,+317.0E-03,-314.2E-03
+11.9300E+00,+317.0E-03,-325.9E-03
+11.9400E+00,+317.0E-03,-341.5E-03
+11.9500E+00,+317.0E-03,-347.4E-03
+11.9600E+00,+317.0E-03,-349.4E-03
+11.9700E+00,+317.0E-03,-351.3E-03
+11.9800E+00,+317.0E-03,-353.3E-03
+11.9900E+00,+317.0E-03,-363.0E-03
+12.0000E+00,+317.0E-03,-370.8E-03
+12.0100E+00,+317.0E-03,-378.7E-03
+12.0200E+00,+317.1E-03,-384.5E-03
+12.0300E+00,+317.1E-03,-396.2E-03
+12.0400E+00,+317.0E-03,-406.0E-03
+12.0500E+00,+317.0E-03,-408.0E-03
+12.0600E+00,+317.0E-03,-411.9E-03
+12.0700E+00,+317.1E-03,-419.7E-03
+12.0800E+00,+317.1E-03,-431.4E-03
+12.0900E+00,+317.1E-03,-439.2E-03
+12.1000E+00,+317.0E-03,-441.2E-03
+12.1100E+00,+317.0E-03,-447.0E-03
+12.1200E+00,+317.1E-03,-454.8E-03
+12.1300E+00,+317.1E-03,-464.6E-03
+12.1400E+00,+317.1E-03,-470.5E-03
+12.1500E+00,+317.1E-03,-476.3E-03
+12.1600E+00,+317.0E-03,-491.9E-03
+12.1700E+00,+317.0E-03,-495.8E-03
+12.1800E+00,+317.0E-03,-499.8E-03
+12.1900E+00,+317.1E-03,-507.6E-03
+12.2000E+00,+317.0E-03,-513.4E-03
+12.2100E+00,+316.8E-03,-525.1E-03
+12.2200E+00,+316.7E-03,-533.0E-03
+12.2300E+00,+316.4E-03,-536.9E-03
+12.2400E+00,+316.3E-03,-538.8E-03
+12.2500E+00,+316.1E-03,-538.8E-03
+12.2600E+00,+316.0E-03,-546.6E-03
+12.2700E+00,+315.9E-03,-556.4E-03
+12.2800E+00,+315.9E-03,-566.2E-03
+12.2900E+00,+315.9E-03,-575.9E-03
+12.3000E+00,+316.0E-03,-583.7E-03
+12.3100E+00,+316.1E-03,-591.5E-03
+12.3200E+00,+316.2E-03,-595.5E-03
+12.3300E+00,+316.3E-03,-603.3E-03
+12.3400E+00,+316.4E-03,-616.9E-03
+12.3500E+00,+316.5E-03,-622.8E-03
+12.3600E+00,+316.6E-03,-624.8E-03
+12.3700E+00,+316.7E-03,-630.6E-03
+12.3800E+00,+316.7E-03,-640.4E-03
+12.3900E+00,+316.8E-03,-652.1E-03
+12.4000E+00,+316.8E-03,-656.0E-03
+12.4100E+00,+316.9E-03,-663.8E-03
+12.4200E+00,+316.9E-03,-673.6E-03
+12.4300E+00,+316.9E-03,-677.5E-03
+12.4400E+00,+317.0E-03,-677.5E-03
+12.4500E+00,+317.0E-03,-679.4E-03
+12.4600E+00,+317.0E-03,-683.3E-03
+12.4700E+00,+317.0E-03,-695.1E-03
+12.4800E+00,+317.0E-03,-708.7E-03
+12.4900E+00,+317.0E-03,-716.5E-03
+12.5000E+00,+317.0E-03,-720.5E-03
+12.5100E+00,+317.0E-03,-732.2E-03
+12.5200E+00,+317.0E-03,-741.9E-03
+12.5300E+00,+317.0E-03,-749.8E-03
+12.5400E+00,+317.0E-03,-751.7E-03
+12.5500E+00,+317.0E-03,-753.7E-03
+12.5600E+00,+317.0E-03,-765.4E-03
+12.5700E+00,+317.0E-03,-777.1E-03
+12.5800E+00,+317.0E-03,-784.9E-03
+12.5900E+00,+316.9E-03,-786.9E-03
+12.6000E+00,+316.7E-03,-788.8E-03
+12.6100E+00,+316.5E-03,-798.6E-03
+12.6200E+00,+316.3E-03,-808.3E-03
+12.6300E+00,+316.1E-03,-814.2E-03
+12.6400E+00,+315.9E-03,-820.1E-03
+12.6500E+00,+315.7E-03,-825.9E-03
+12.6600E+00,+315.7E-03,-841.5E-03
+12.6700E+00,+315.6E-03,-847.4E-03
+12.6800E+00,+315.6E-03,-849.4E-03
+12.6900E+00,+315.7E-03,-853.3E-03
+12.7000E+00,+315.8E-03,-859.1E-03
+12.7100E+00,+315.8E-03,-870.8E-03
+12.7200E+00,+315.9E-03,-874.8E-03
+12.7300E+00,+316.0E-03,-880.6E-03
+12.7400E+00,+316.2E-03,-898.2E-03
+12.7500E+00,+316.3E-03,-904.0E-03
+12.7600E+00,+316.4E-03,-908.0E-03
+12.7700E+00,+316.4E-03,-909.9E-03
+12.7800E+00,+316.5E-03,-915.8E-03
+12.7900E+00,+316.6E-03,-929.4E-03
+12.8000E+00,+316.7E-03,-939.2E-03
+12.8100E+00,+316.7E-03,-943.1E-03
+12.8200E+00,+316.8E-03,-945.1E-03
+12.8300E+00,+316.8E-03,-947.0E-03
+12.8400E+00,+316.8E-03,-956.8E-03
+12.8500E+00,+316.9E-03,-962.6E-03
+12.8600E+00,+316.9E-03,-970.5E-03
+12.8700E+00,+316.9E-03,-976.3E-03
+12.8800E+00,+317.0E-03,-990.0E-03
+12.8900E+00,+317.0E-03,-1.0017E+00
+12.9000E+00,+317.0E-03,-1.0076E+00
+12.9100E+00,+317.0E-03,-1.0193E+00
+12.9200E+00,+317.0E-03,-1.0212E+00
+12.9300E+00,+317.0E-03,-1.0212E+00
+12.9400E+00,+317.1E-03,-1.0232E+00
+12.9500E+00,+317.1E-03,-1.0251E+00
+12.9600E+00,+317.1E-03,-1.0369E+00
+12.9700E+00,+317.1E-03,-1.0505E+00
+12.9800E+00,+317.0E-03,-1.0623E+00
+12.9900E+00,+317.0E-03,-1.0701E+00
+13.0000E+00,+316.9E-03,-1.0779E+00
+13.0100E+00,+316.7E-03,-1.0837E+00
+13.0200E+00,+316.6E-03,-1.0857E+00
+13.0300E+00,+316.5E-03,-1.0876E+00
+13.0400E+00,+316.4E-03,-1.0994E+00
+13.0500E+00,+316.4E-03,-1.1072E+00
+13.0600E+00,+316.4E-03,-1.1150E+00
+13.0700E+00,+316.4E-03,-1.1169E+00
+13.0800E+00,+316.4E-03,-1.1189E+00
+13.0900E+00,+316.5E-03,-1.1326E+00
+13.1000E+00,+316.5E-03,-1.1423E+00
+13.1100E+00,+316.6E-03,-1.1521E+00
+13.1200E+00,+316.7E-03,-1.1580E+00
+13.1300E+00,+316.7E-03,-1.1658E+00
+13.1400E+00,+316.8E-03,-1.1775E+00
+13.1500E+00,+316.8E-03,-1.1794E+00
+13.1600E+00,+316.9E-03,-1.1814E+00
+13.1700E+00,+316.9E-03,-1.1892E+00
+13.1800E+00,+316.9E-03,-1.2009E+00
+13.1900E+00,+317.0E-03,-1.2107E+00
+13.2000E+00,+317.0E-03,-1.2146E+00
+13.2100E+00,+317.0E-03,-1.2205E+00
+13.2200E+00,+317.0E-03,-1.2322E+00
+13.2300E+00,+317.0E-03,-1.2400E+00
+13.2400E+00,+317.0E-03,-1.2419E+00
+13.2500E+00,+317.1E-03,-1.2439E+00
+13.2600E+00,+317.1E-03,-1.2517E+00
+13.2700E+00,+317.1E-03,-1.2634E+00
+13.2800E+00,+317.1E-03,-1.2751E+00
+13.2900E+00,+317.1E-03,-1.2771E+00
+13.3000E+00,+317.1E-03,-1.2790E+00
+13.3100E+00,+317.1E-03,-1.2869E+00
+13.3200E+00,+317.1E-03,-1.2986E+00
+13.3300E+00,+317.1E-03,-1.3083E+00
+13.3400E+00,+317.1E-03,-1.3142E+00
+13.3500E+00,+317.1E-03,-1.3181E+00
+13.3600E+00,+317.1E-03,-1.3337E+00
+13.3700E+00,+317.1E-03,-1.3435E+00
+13.3800E+00,+317.1E-03,-1.3474E+00
+13.3900E+00,+317.1E-03,-1.3494E+00
+13.4000E+00,+317.1E-03,-1.3494E+00
+13.4100E+00,+317.1E-03,-1.3552E+00
+13.4200E+00,+317.1E-03,-1.3650E+00
+13.4300E+00,+317.1E-03,-1.3728E+00
+13.4400E+00,+317.1E-03,-1.3787E+00
+13.4500E+00,+317.1E-03,-1.3865E+00
+13.4600E+00,+317.1E-03,-1.4001E+00
+13.4700E+00,+317.1E-03,-1.4040E+00
+13.4800E+00,+317.1E-03,-1.4060E+00
+13.4900E+00,+317.1E-03,-1.4158E+00
+13.5000E+00,+317.1E-03,-1.4236E+00
+13.5100E+00,+317.1E-03,-1.4333E+00
+13.5200E+00,+317.1E-03,-1.4373E+00
+13.5300E+00,+317.1E-03,-1.4412E+00
+13.5400E+00,+317.1E-03,-1.4548E+00
+13.5500E+00,+317.1E-03,-1.4626E+00
+13.5600E+00,+317.1E-03,-1.4705E+00
+13.5700E+00,+317.1E-03,-1.4783E+00
+13.5800E+00,+317.1E-03,-1.4861E+00
+13.5900E+00,+317.1E-03,-1.4900E+00
+13.6000E+00,+317.1E-03,-1.4900E+00
+13.6100E+00,+317.1E-03,-1.4919E+00
+13.6200E+00,+317.1E-03,-1.4978E+00
+13.6300E+00,+317.1E-03,-1.5076E+00
+13.6400E+00,+317.1E-03,-1.5290E+00
+13.6500E+00,+317.1E-03,-1.5349E+00
+13.6600E+00,+317.1E-03,-1.5369E+00
+13.6700E+00,+317.1E-03,-1.5388E+00
+13.6800E+00,+317.1E-03,-1.5388E+00
+13.6900E+00,+317.1E-03,-1.5466E+00
+13.7000E+00,+317.1E-03,-1.5544E+00
+13.7100E+00,+317.1E-03,-1.5662E+00
+13.7200E+00,+317.1E-03,-1.5720E+00
+13.7300E+00,+317.1E-03,-1.5818E+00
+13.7400E+00,+317.1E-03,-1.5915E+00
+13.7500E+00,+317.1E-03,-1.5955E+00
+13.7600E+00,+317.0E-03,-1.5994E+00
+13.7700E+00,+316.9E-03,-1.6111E+00
+13.7800E+00,+316.7E-03,-1.6208E+00
+13.7900E+00,+316.6E-03,-1.6228E+00
+13.8000E+00,+316.4E-03,-1.6111E+00
+13.8100E+00,+316.2E-03,-1.6033E+00
+13.8200E+00,+316.1E-03,-1.5955E+00
+13.8300E+00,+316.1E-03,-1.5915E+00
+13.8400E+00,+316.1E-03,-1.5857E+00
+13.8500E+00,+316.1E-03,-1.5720E+00
+13.8600E+00,+316.1E-03,-1.5681E+00
+13.8700E+00,+316.2E-03,-1.5583E+00
+13.8800E+00,+316.2E-03,-1.5466E+00
+13.8900E+00,+316.3E-03,-1.5408E+00
+13.9000E+00,+316.4E-03,-1.5388E+00
+13.9100E+00,+316.5E-03,-1.5369E+00
+13.9200E+00,+316.6E-03,-1.5369E+00
+13.9300E+00,+316.6E-03,-1.5290E+00
+13.9400E+00,+316.7E-03,-1.5173E+00
+13.9500E+00,+316.7E-03,-1.4958E+00
+13.9600E+00,+316.8E-03,-1.4919E+00
+13.9700E+00,+316.8E-03,-1.4900E+00
+13.9800E+00,+316.9E-03,-1.4900E+00
+13.9900E+00,+316.9E-03,-1.4880E+00
+14.0000E+00,+316.9E-03,-1.4783E+00
+14.0100E+00,+317.0E-03,-1.4724E+00
+14.0200E+00,+317.0E-03,-1.4646E+00
+14.0300E+00,+317.0E-03,-1.4548E+00
+14.0400E+00,+317.0E-03,-1.4451E+00
+14.0500E+00,+317.0E-03,-1.4373E+00
+14.0600E+00,+317.0E-03,-1.4353E+00
+14.0700E+00,+317.1E-03,-1.4275E+00
+14.0800E+00,+317.1E-03,-1.4158E+00
+14.0900E+00,+317.1E-03,-1.4080E+00
+14.1000E+00,+317.1E-03,-1.4040E+00
+14.1100E+00,+317.1E-03,-1.4001E+00
+14.1200E+00,+317.1E-03,-1.3904E+00
+14.1300E+00,+317.1E-03,-1.3806E+00
+14.1400E+00,+317.1E-03,-1.3748E+00
+14.1500E+00,+317.1E-03,-1.3669E+00
+14.1600E+00,+317.1E-03,-1.3591E+00
+14.1700E+00,+317.1E-03,-1.3513E+00
+14.1800E+00,+317.1E-03,-1.3494E+00
+14.1900E+00,+317.1E-03,-1.3474E+00
+14.2000E+00,+317.1E-03,-1.3455E+00
+14.2100E+00,+317.1E-03,-1.3376E+00
+14.2200E+00,+317.1E-03,-1.3220E+00
+14.2300E+00,+317.1E-03,-1.3142E+00
+14.2400E+00,+317.1E-03,-1.3103E+00
+14.2500E+00,+317.1E-03,-1.3025E+00
+14.2600E+00,+317.1E-03,-1.2908E+00
+14.2700E+00,+317.1E-03,-1.2810E+00
+14.2800E+00,+317.1E-03,-1.2790E+00
+14.2900E+00,+317.1E-03,-1.2771E+00
+14.3000E+00,+317.1E-03,-1.2654E+00
+14.3100E+00,+317.1E-03,-1.2556E+00
+14.3200E+00,+317.1E-03,-1.2458E+00
+14.3300E+00,+317.1E-03,-1.2439E+00
+14.3400E+00,+317.1E-03,-1.2419E+00
+14.3500E+00,+317.1E-03,-1.2341E+00
Anlg Ch State  Volts/div  Position  Coupling  BW Limit  Invert 
 Ch 1:    On     500uV/    315.6mV     DC        Off      Off  
 Ch 2:    On     1.00V/    1.469V      DC        Off      Off  

Anlg Ch  Probe  
 Ch 1:  0.1 : 1 
 Ch 2:  1.0 : 1 

Trigger  Mode   Coupling  Noise Rej  HF Reject  Holdoff 
  Edge  Normal     DC        Off        Off       60ns  

Trigger  Source    Slope   Level 
        External  Rising  +2.13V 

Time Time Ref  Main S/div   Delay 
Main   Left      2.00s/    -3.64s 

Acquisition  # Avgs  Realtime  Vectors  Infinite Persistence 
 Averaging     1        On        On             Off         

