Spectrum Name:,
Description:,
Student ID:,
Detector Used:,
Comments:,
Acquisition Mode:,extMoss
Mossbauer Dwell Time:,0.1 mSeconds
Elapsed Passes:,4000 
High Voltage:,1800
Conversion Gain:,2048
Coarse Gain:,8
Fine Gain:,1.77
ULD:,  45%
LLD:,  28%

Channel Data:
Chan,Dwell(mSec.),Counts
0,      0.10,16013
1,      0.20,15871
2,      0.30,15997
3,      0.40,16054
4,      0.50,15996
5,      0.60,15972
6,      0.70,15891
7,      0.80,15782
8,      0.90,15419
9,      1.00,14988
10,      1.10,14478
11,      1.20,14187
12,      1.30,13928
13,      1.40,13698
14,      1.50,13548
15,      1.60,12974
16,      1.70,11795
17,      1.80,9761
18,      1.90,8003
19,      2.00,7232
20,      2.10,6955
21,      2.20,6704
22,      2.30,6444
23,      2.40,6125
24,      2.50,5647
25,      2.60,5489
26,      2.70,5295
27,      2.80,5172
28,      2.90,4966
29,      3.00,4870
30,      3.10,4604
31,      3.20,4564
32,      3.30,4342
33,      3.40,4150
34,      3.50,3920
35,      3.60,3711
36,      3.70,3464
37,      3.80,3268
38,      3.90,3041
39,      4.00,2927
40,      4.10,2662
41,      4.20,2608
42,      4.30,2452
43,      4.40,2352
44,      4.50,2275
45,      4.60,2164
46,      4.70,2073
47,      4.80,1921
48,      4.90,1834
49,      5.00,1675
50,      5.10,1390
51,      5.20,1039
52,      5.30,589
53,      5.40,254
54,      5.50,817
55,      5.60,1324
56,      5.70,1043
57,      5.80,1245
58,      5.90,2046
59,      6.00,1818
60,      6.10,2082
61,      6.20,2107
62,      6.30,2231
63,      6.40,2263
64,      6.50,2284
65,      6.60,2352
66,      6.70,2413
67,      6.80,2480
68,      6.90,2611
69,      7.00,2711
70,      7.10,2763
71,      7.20,2946
72,      7.30,3004
73,      7.40,3120
74,      7.50,3200
75,      7.60,3222
76,      7.70,3377
77,      7.80,3545
78,      7.90,3594
79,      8.00,3709
80,      8.10,3788
81,      8.20,3843
82,      8.30,4020
83,      8.40,4048
84,      8.50,4092
85,      8.60,4154
86,      8.70,4251
87,      8.80,4284
88,      8.90,4382
89,      9.00,4423
90,      9.10,4494
91,      9.20,4504
92,      9.30,4633
93,      9.40,4750
94,      9.50,4781
95,      9.60,4771
96,      9.70,4874
97,      9.80,4953
98,      9.90,5032
99,     10.00,5143
100,     10.10,5142
101,     10.20,5116
102,     10.30,5221
103,     10.40,5267
104,     10.50,5276
105,     10.60,5341
106,     10.70,5247
107,     10.80,5265
108,     10.90,5371
109,     11.00,5429
110,     11.10,5435
111,     11.20,5366
112,     11.30,5321
113,     11.40,5357
114,     11.50,5325
115,     11.60,5281
116,     11.70,5358
117,     11.80,5474
118,     11.90,5576
119,     12.00,5655
120,     12.10,5832
121,     12.20,5962
122,     12.30,6150
123,     12.40,6204
124,     12.50,6515
125,     12.60,6840
126,     12.70,7642
127,     12.80,8297
128,     12.90,8669
129,     13.00,9879
130,     13.10,12168
131,     13.20,14770
132,     13.30,16826
133,     13.40,17529
134,     13.50,17848
135,     13.60,17883
136,     13.70,18056
137,     13.80,18035
138,     13.90,17902
139,     14.00,18046
140,     14.10,17924
141,     14.20,17402
142,     14.30,16555
143,     14.40,15221
144,     14.50,14027
145,     14.60,13176
146,     14.70,12771
147,     14.80,12719
148,     14.90,13155
149,     15.00,13732
150,     15.10,14817
151,     15.20,15644
152,     15.30,16453
153,     15.40,16846
154,     15.50,16992
155,     15.60,16934
156,     15.70,16931
157,     15.80,16776
158,     15.90,16541
159,     16.00,16415
160,     16.10,16269
161,     16.20,16117
162,     16.30,16168
163,     16.40,15960
164,     16.50,15933
165,     16.60,15856
166,     16.70,15831
167,     16.80,15630
168,     16.90,15604
169,     17.00,15414
170,     17.10,15443
171,     17.20,15297
172,     17.30,15148
173,     17.40,15215
174,     17.50,15072
175,     17.60,15004
176,     17.70,14886
177,     17.80,14957
178,     17.90,15028
179,     18.00,15007
180,     18.10,15073
181,     18.20,15072
182,     18.30,15041
183,     18.40,15128
184,     18.50,15076
185,     18.60,15131
186,     18.70,15140
187,     18.80,15220
188,     18.90,15265
189,     19.00,15206
190,     19.10,15387
191,     19.20,15367
192,     19.30,15331
193,     19.40,15465
194,     19.50,15453
195,     19.60,15512
196,     19.70,15524
197,     19.80,15626
198,     19.90,15531
199,     20.00,15628
200,     20.10,15555
201,     20.20,15632
202,     20.30,15474
203,     20.40,15561
204,     20.50,15476
205,     20.60,15584
206,     20.70,15582
207,     20.80,15610
208,     20.90,15605
209,     21.00,15501
210,     21.10,15536
211,     21.20,15513
212,     21.30,15506
213,     21.40,15400
214,     21.50,15528
215,     21.60,15499
216,     21.70,15474
217,     21.80,15422
218,     21.90,15472
219,     22.00,15448
220,     22.10,15396
221,     22.20,15344
222,     22.30,15510
223,     22.40,15337
224,     22.50,15402
225,     22.60,15349
226,     22.70,15368
227,     22.80,15351
228,     22.90,15280
229,     23.00,15342
230,     23.10,15419
231,     23.20,15394
232,     23.30,15345
233,     23.40,15315
234,     23.50,15380
235,     23.60,15334
236,     23.70,15110
237,     23.80,15201
238,     23.90,15207
239,     24.00,15139
240,     24.10,15063
241,     24.20,15145
242,     24.30,15174
243,     24.40,15170
244,     24.50,15139
245,     24.60,15091
246,     24.70,15120
247,     24.80,14998
248,     24.90,15018
249,     25.00,15015
250,     25.10,14908
251,     25.20,14885
252,     25.30,14773
253,     25.40,14822
254,     25.50,14693
255,     25.60,14791
256,     25.70,14614
257,     25.80,14597
258,     25.90,14512
259,     26.00,14434
260,     26.10,14373
261,     26.20,14334
262,     26.30,14228
263,     26.40,14321
264,     26.50,14207
265,     26.60,14172
266,     26.70,14133
267,     26.80,14041
268,     26.90,13982
269,     27.00,13964
270,     27.10,14034
271,     27.20,14011
272,     27.30,13918
273,     27.40,13954
274,     27.50,13954
275,     27.60,13945
276,     27.70,13926
277,     27.80,13841
278,     27.90,13916
279,     28.00,13947
280,     28.10,13933
281,     28.20,13953
282,     28.30,13946
283,     28.40,14044
284,     28.50,14086
285,     28.60,14193
286,     28.70,14160
287,     28.80,14125
288,     28.90,14168
289,     29.00,14242
290,     29.10,14150
291,     29.20,14252
292,     29.30,14263
293,     29.40,14186
294,     29.50,14306
295,     29.60,14191
296,     29.70,14304
297,     29.80,14265
298,     29.90,14206
299,     30.00,14331
300,     30.10,14234
301,     30.20,14251
302,     30.30,14303
303,     30.40,14260
304,     30.50,14222
305,     30.60,14245
306,     30.70,14343
307,     30.80,14184
308,     30.90,14143
309,     31.00,14136
310,     31.10,14060
311,     31.20,14101
312,     31.30,13961
313,     31.40,13975
314,     31.50,13922
315,     31.60,13867
316,     31.70,13829
317,     31.80,13722
318,     31.90,13701
319,     32.00,13716
320,     32.10,13391
321,     32.20,13413
322,     32.30,13435
323,     32.40,13350
324,     32.50,13307
325,     32.60,13214
326,     32.70,13168
327,     32.80,13095
328,     32.90,13011
329,     33.00,12948
330,     33.10,12915
331,     33.20,12930
332,     33.30,12835
333,     33.40,12790
334,     33.50,12673
335,     33.60,12790
336,     33.70,12494
337,     33.80,12545
338,     33.90,12494
339,     34.00,12548
340,     34.10,12481
341,     34.20,12374
342,     34.30,12358
343,     34.40,12477
344,     34.50,12443
345,     34.60,12345
346,     34.70,12278
347,     34.80,12247
348,     34.90,12366
349,     35.00,12342
350,     35.10,12298
351,     35.20,12364
352,     35.30,12252
353,     35.40,12343
354,     35.50,12332
355,     35.60,12321
356,     35.70,12293
357,     35.80,12289
358,     35.90,12431
359,     36.00,12437
360,     36.10,12463
361,     36.20,12492
362,     36.30,12407
363,     36.40,12577
364,     36.50,12543
365,     36.60,12630
366,     36.70,12696
367,     36.80,12779
368,     36.90,12749
369,     37.00,12812
370,     37.10,12867
371,     37.20,12887
372,     37.30,12871
373,     37.40,12890
374,     37.50,13049
375,     37.60,13015
376,     37.70,13014
377,     37.80,12957
378,     37.90,13104
379,     38.00,13070
380,     38.10,12902
381,     38.20,13004
382,     38.30,13038
383,     38.40,13042
384,     38.50,12893
385,     38.60,12980
386,     38.70,12889
387,     38.80,12962
388,     38.90,12841
389,     39.00,12707
390,     39.10,12713
391,     39.20,12598
392,     39.30,12565
393,     39.40,12439
394,     39.50,12436
395,     39.60,12220
396,     39.70,12270
397,     39.80,12071
398,     39.90,12071
399,     40.00,11959
400,     40.10,11720
401,     40.20,11809
402,     40.30,11736
403,     40.40,11649
404,     40.50,11561
405,     40.60,11399
406,     40.70,11445
407,     40.80,11295
408,     40.90,11111
409,     41.00,11144
410,     41.10,11033
411,     41.20,11028
412,     41.30,11035
413,     41.40,10955
414,     41.50,10908
415,     41.60,10886
416,     41.70,10886
417,     41.80,10747
418,     41.90,10935
419,     42.00,10842
420,     42.10,10778
421,     42.20,10643
422,     42.30,10726
423,     42.40,10672
424,     42.50,10814
425,     42.60,10717
426,     42.70,10802
427,     42.80,10732
428,     42.90,10822
429,     43.00,10897
430,     43.10,10913
431,     43.20,10988
432,     43.30,10927
433,     43.40,11020
434,     43.50,10997
435,     43.60,11116
436,     43.70,11084
437,     43.80,11143
438,     43.90,11174
439,     44.00,11192
440,     44.10,11309
441,     44.20,11194
442,     44.30,11356
443,     44.40,11433
444,     44.50,11399
445,     44.60,11540
446,     44.70,11542
447,     44.80,11548
448,     44.90,11386
449,     45.00,11432
450,     45.10,11504
451,     45.20,11495
452,     45.30,11575
453,     45.40,11460
454,     45.50,11483
455,     45.60,11420
456,     45.70,11416
457,     45.80,11446
458,     45.90,11385
459,     46.00,11319
460,     46.10,11318
461,     46.20,11308
462,     46.30,11272
463,     46.40,11215
464,     46.50,11149
465,     46.60,11152
466,     46.70,11058
467,     46.80,10937
468,     46.90,10871
469,     47.00,10834
470,     47.10,10804
471,     47.20,10793
472,     47.30,10729
473,     47.40,10696
474,     47.50,10567
475,     47.60,10652
476,     47.70,10533
477,     47.80,10511
478,     47.90,10411
479,     48.00,10318
480,     48.10,10382
481,     48.20,10355
482,     48.30,10303
483,     48.40,10210
484,     48.50,10292
485,     48.60,10232
486,     48.70,10157
487,     48.80,10071
488,     48.90,10037
489,     49.00,10123
490,     49.10,10099
491,     49.20,9984
492,     49.30,9982
493,     49.40,9986
494,     49.50,9943
495,     49.60,9893
496,     49.70,9875
497,     49.80,9956
498,     49.90,9867
499,     50.00,9830
500,     50.10,9791
501,     50.20,9841
502,     50.30,9842
503,     50.40,9872
504,     50.50,9873
505,     50.60,9845
506,     50.70,9949
507,     50.80,9866
508,     50.90,9961
509,     51.00,9917
510,     51.10,9942
511,     51.20,9922
512,     51.30,9884
513,     51.40,10035
514,     51.50,10044
515,     51.60,9966
516,     51.70,9952
517,     51.80,9935
518,     51.90,9985
519,     52.00,9889
520,     52.10,10031
521,     52.20,10060
522,     52.30,9911
523,     52.40,9951
524,     52.50,9982
525,     52.60,9898
526,     52.70,9929
527,     52.80,9988
528,     52.90,9825
529,     53.00,9851
530,     53.10,9817
531,     53.20,9777
532,     53.30,9773
533,     53.40,9689
534,     53.50,9701
535,     53.60,9665
536,     53.70,9637
537,     53.80,9590
538,     53.90,9557
539,     54.00,9401
540,     54.10,9487
541,     54.20,9374
542,     54.30,9343
543,     54.40,9319
544,     54.50,9226
545,     54.60,9198
546,     54.70,9125
547,     54.80,9044
548,     54.90,9029
549,     55.00,9036
550,     55.10,8973
551,     55.20,8840
552,     55.30,8895
553,     55.40,8854
554,     55.50,8829
555,     55.60,8681
556,     55.70,8694
557,     55.80,8700
558,     55.90,8738
559,     56.00,8715
560,     56.10,8607
561,     56.20,8638
562,     56.30,8662
563,     56.40,8578
564,     56.50,8609
565,     56.60,8580
566,     56.70,8595
567,     56.80,8603
568,     56.90,8653
569,     57.00,8680
570,     57.10,8722
571,     57.20,8650
572,     57.30,8681
573,     57.40,8776
574,     57.50,8823
575,     57.60,8792
576,     57.70,8645
577,     57.80,8677
578,     57.90,8813
579,     58.00,8784
580,     58.10,8770
581,     58.20,8778
582,     58.30,8824
583,     58.40,8835
584,     58.50,8835
585,     58.60,8821
586,     58.70,8804
587,     58.80,8875
588,     58.90,8741
589,     59.00,8758
590,     59.10,8715
591,     59.20,8681
592,     59.30,8733
593,     59.40,8662
594,     59.50,8707
595,     59.60,8619
596,     59.70,8661
597,     59.80,8477
598,     59.90,8530
599,     60.00,8419
600,     60.10,8393
601,     60.20,8374
602,     60.30,8355
603,     60.40,8326
604,     60.50,8264
605,     60.60,8303
606,     60.70,8194
607,     60.80,8214
608,     60.90,8058
609,     61.00,8181
610,     61.10,8073
611,     61.20,7946
612,     61.30,7948
613,     61.40,7868
614,     61.50,7861
615,     61.60,7806
616,     61.70,7825
617,     61.80,7753
618,     61.90,7757
619,     62.00,7743
620,     62.10,7652
621,     62.20,7716
622,     62.30,7698
623,     62.40,7578
624,     62.50,7665
625,     62.60,7659
626,     62.70,7667
627,     62.80,7583
628,     62.90,7691
629,     63.00,7577
630,     63.10,7608
631,     63.20,7610
632,     63.30,7533
633,     63.40,7640
634,     63.50,7617
635,     63.60,7670
636,     63.70,7612
637,     63.80,7514
638,     63.90,7585
639,     64.00,7634
640,     64.10,7595
641,     64.20,7592
642,     64.30,7641
643,     64.40,7636
644,     64.50,7570
645,     64.60,7558
646,     64.70,7682
647,     64.80,7704
648,     64.90,7524
649,     65.00,7661
650,     65.10,7588
651,     65.20,7611
652,     65.30,7618
653,     65.40,7552
654,     65.50,7641
655,     65.60,7464
656,     65.70,7538
657,     65.80,7494
658,     65.90,7400
659,     66.00,7491
660,     66.10,7473
661,     66.20,7417
662,     66.30,7425
663,     66.40,7422
664,     66.50,7415
665,     66.60,7466
666,     66.70,7321
667,     66.80,7303
668,     66.90,7277
669,     67.00,7215
670,     67.10,7297
671,     67.20,7182
672,     67.30,7105
673,     67.40,7084
674,     67.50,7044
675,     67.60,6968
676,     67.70,6903
677,     67.80,6756
678,     67.90,6835
679,     68.00,6734
680,     68.10,6696
681,     68.20,6716
682,     68.30,6507
683,     68.40,6525
684,     68.50,6458
685,     68.60,6418
686,     68.70,6405
687,     68.80,6310
688,     68.90,6338
689,     69.00,6244
690,     69.10,6219
691,     69.20,6132
692,     69.30,6100
693,     69.40,6103
694,     69.50,5981
695,     69.60,6016
696,     69.70,6000
697,     69.80,5863
698,     69.90,5895
699,     70.00,5881
700,     70.10,5861
701,     70.20,5910
702,     70.30,5790
703,     70.40,5905
704,     70.50,5790
705,     70.60,5768
706,     70.70,5782
707,     70.80,5840
708,     70.90,5805
709,     71.00,5766
710,     71.10,5944
711,     71.20,5867
712,     71.30,5862
713,     71.40,5871
714,     71.50,5937
715,     71.60,5928
716,     71.70,5962
717,     71.80,5946
718,     71.90,5930
719,     72.00,6070
720,     72.10,6048
721,     72.20,6036
722,     72.30,6135
723,     72.40,6208
724,     72.50,6225
725,     72.60,6180
726,     72.70,6274
727,     72.80,6192
728,     72.90,6235
729,     73.00,6376
730,     73.10,6231
731,     73.20,6266
732,     73.30,6316
733,     73.40,6250
734,     73.50,6315
735,     73.60,6324
736,     73.70,6296
737,     73.80,6359
738,     73.90,6303
739,     74.00,6303
740,     74.10,6266
741,     74.20,6166
742,     74.30,6197
743,     74.40,6188
744,     74.50,6162
745,     74.60,6130
746,     74.70,6177
747,     74.80,6055
748,     74.90,6066
749,     75.00,5973
750,     75.10,5977
751,     75.20,5831
752,     75.30,5875
753,     75.40,5764
754,     75.50,5797
755,     75.60,5727
756,     75.70,5733
757,     75.80,5629
758,     75.90,5650
759,     76.00,5554
760,     76.10,5585
761,     76.20,5481
762,     76.30,5431
763,     76.40,5484
764,     76.50,5321
765,     76.60,5313
766,     76.70,5342
767,     76.80,5304
768,     76.90,5248
769,     77.00,5165
770,     77.10,5210
771,     77.20,5114
772,     77.30,5084
773,     77.40,5094
774,     77.50,5046
775,     77.60,5023
776,     77.70,4982
777,     77.80,4973
778,     77.90,4968
779,     78.00,4912
780,     78.10,4949
781,     78.20,4842
782,     78.30,4880
783,     78.40,4836
784,     78.50,4729
785,     78.60,4786
786,     78.70,4775
787,     78.80,4703
788,     78.90,4789
789,     79.00,4713
790,     79.10,4704
791,     79.20,4665
792,     79.30,4687
793,     79.40,4619
794,     79.50,4691
795,     79.60,4674
796,     79.70,4578
797,     79.80,4634
798,     79.90,4576
799,     80.00,4587
800,     80.10,4535
801,     80.20,4583
802,     80.30,4559
803,     80.40,4536
804,     80.50,4585
805,     80.60,4581
806,     80.70,4540
807,     80.80,4553
808,     80.90,4499
809,     81.00,4499
810,     81.10,4533
811,     81.20,4484
812,     81.30,4501
813,     81.40,4428
814,     81.50,4479
815,     81.60,4389
816,     81.70,4424
817,     81.80,4392
818,     81.90,4371
819,     82.00,4340
820,     82.10,4322
821,     82.20,4348
822,     82.30,4322
823,     82.40,4331
824,     82.50,4275
825,     82.60,4182
826,     82.70,4201
827,     82.80,4255
828,     82.90,4120
829,     83.00,4093
830,     83.10,4042
831,     83.20,4110
832,     83.30,4006
833,     83.40,3975
834,     83.50,3925
835,     83.60,3915
836,     83.70,3891
837,     83.80,3850
838,     83.90,3806
839,     84.00,3751
840,     84.10,3805
841,     84.20,3783
842,     84.30,3697
843,     84.40,3728
844,     84.50,3652
845,     84.60,3618
846,     84.70,3587
847,     84.80,3681
848,     84.90,3660
849,     85.00,3620
850,     85.10,3544
851,     85.20,3602
852,     85.30,3619
853,     85.40,3585
854,     85.50,3576
855,     85.60,3596
856,     85.70,3575
857,     85.80,3635
858,     85.90,3645
859,     86.00,3640
860,     86.10,3666
861,     86.20,3598
862,     86.30,3691
863,     86.40,3684
864,     86.50,3594
865,     86.60,3705
866,     86.70,3723
867,     86.80,3768
868,     86.90,3661
869,     87.00,3669
870,     87.10,3727
871,     87.20,3656
872,     87.30,3714
873,     87.40,3635
874,     87.50,3740
875,     87.60,3674
876,     87.70,3704
877,     87.80,3664
878,     87.90,3617
879,     88.00,3663
880,     88.10,3647
881,     88.20,3535
882,     88.30,3551
883,     88.40,3506
884,     88.50,3441
885,     88.60,3433
886,     88.70,3413
887,     88.80,3358
888,     88.90,3318
889,     89.00,3317
890,     89.10,3201
891,     89.20,3303
892,     89.30,3192
893,     89.40,3172
894,     89.50,3091
895,     89.60,3104
896,     89.70,3027
897,     89.80,2966
898,     89.90,2964
899,     90.00,2957
900,     90.10,2844
901,     90.20,2834
902,     90.30,2829
903,     90.40,2804
904,     90.50,2716
905,     90.60,2687
906,     90.70,2703
907,     90.80,2672
908,     90.90,2590
909,     91.00,2590
910,     91.10,2553
911,     91.20,2542
912,     91.30,2471
913,     91.40,2524
914,     91.50,2497
915,     91.60,2489
916,     91.70,2479
917,     91.80,2417
918,     91.90,2424
919,     92.00,2399
920,     92.10,2394
921,     92.20,2392
922,     92.30,2415
923,     92.40,2367
924,     92.50,2398
925,     92.60,2319
926,     92.70,2369
927,     92.80,2262
928,     92.90,2361
929,     93.00,2290
930,     93.10,2308
931,     93.20,2245
932,     93.30,2328
933,     93.40,2270
934,     93.50,2307
935,     93.60,2318
936,     93.70,2304
937,     93.80,2224
938,     93.90,2276
939,     94.00,2249
940,     94.10,2279
941,     94.20,2246
942,     94.30,2258
943,     94.40,2288
944,     94.50,2211
945,     94.60,2231
946,     94.70,2180
947,     94.80,2232
948,     94.90,2181
949,     95.00,2192
950,     95.10,2159
951,     95.20,2168
952,     95.30,2139
953,     95.40,2095
954,     95.50,2147
955,     95.60,2096
956,     95.70,2086
957,     95.80,2044
958,     95.90,2049
959,     96.00,1993
960,     96.10,1993
961,     96.20,1942
962,     96.30,1955
963,     96.40,1918
964,     96.50,1972
965,     96.60,1906
966,     96.70,1738
967,     96.80,1753
968,     96.90,1763
969,     97.00,1685
970,     97.10,1593
971,     97.20,1670
972,     97.30,1584
973,     97.40,1480
974,     97.50,1515
975,     97.60,1502
976,     97.70,1306
977,     97.80,1420
978,     97.90,1319
979,     98.00,1273
980,     98.10,1255
981,     98.20,1183
982,     98.30,1168
983,     98.40,1144
984,     98.50,1039
985,     98.60,1075
986,     98.70,1000
987,     98.80,1002
988,     98.90,962
989,     99.00,995
990,     99.10,936
991,     99.20,956
992,     99.30,877
993,     99.40,902
994,     99.50,889
995,     99.60,916
996,     99.70,883
997,     99.80,899
998,     99.90,872
999,    100.00,881
1000,    100.10,911
1001,    100.20,943
1002,    100.30,893
1003,    100.40,963
1004,    100.50,925
1005,    100.60,970
1006,    100.70,990
1007,    100.80,987
1008,    100.90,987
1009,    101.00,1012
1010,    101.10,977
1011,    101.20,1075
1012,    101.30,1045
1013,    101.40,1082
1014,    101.50,1062
1015,    101.60,1042
1016,    101.70,1057
1017,    101.80,1072
1018,    101.90,1110
1019,    102.00,1090
1020,    102.10,1041
1021,    102.20,1054
1022,    102.30,1028
1023,    102.40,1072
1024,    102.50,1008
1025,    102.60,1019
1026,    102.70,961
1027,    102.80,935
1028,    102.90,959
1029,    103.00,914
1030,    103.10,864
1031,    103.20,787
1032,    103.30,820
1033,    103.40,751
1034,    103.50,699
1035,    103.60,681
1036,    103.70,636
1037,    103.80,580
1038,    103.90,578
1039,    104.00,549
1040,    104.10,452
1041,    104.20,420
1042,    104.30,400
1043,    104.40,360
1044,    104.50,352
1045,    104.60,329
1046,    104.70,395
1047,    104.80,345
1048,    104.90,410
1049,    105.00,394
1050,    105.10,390
1051,    105.20,425
1052,    105.30,378
1053,    105.40,365
1054,    105.50,400
1055,    105.60,418
1056,    105.70,397
1057,    105.80,389
1058,    105.90,394
1059,    106.00,379
1060,    106.10,413
1061,    106.20,417
1062,    106.30,427
1063,    106.40,443
1064,    106.50,429
1065,    106.60,464
1066,    106.70,422
1067,    106.80,442
1068,    106.90,476
1069,    107.00,461
1070,    107.10,494
1071,    107.20,503
1072,    107.30,501
1073,    107.40,468
1074,    107.50,474
1075,    107.60,449
1076,    107.70,464
1077,    107.80,429
1078,    107.90,455
1079,    108.00,483
1080,    108.10,448
1081,    108.20,455
1082,    108.30,471
1083,    108.40,435
1084,    108.50,408
1085,    108.60,453
1086,    108.70,399
1087,    108.80,467
1088,    108.90,460
1089,    109.00,437
1090,    109.10,428
1091,    109.20,427
1092,    109.30,441
1093,    109.40,444
1094,    109.50,446
1095,    109.60,456
1096,    109.70,458
1097,    109.80,522
1098,    109.90,531
1099,    110.00,488
1100,    110.10,526
1101,    110.20,564
1102,    110.30,599
1103,    110.40,611
1104,    110.50,643
1105,    110.60,623
1106,    110.70,714
1107,    110.80,679
1108,    110.90,728
1109,    111.00,790
1110,    111.10,846
1111,    111.20,821
1112,    111.30,905
1113,    111.40,966
1114,    111.50,1015
1115,    111.60,1052
1116,    111.70,1065
1117,    111.80,1148
1118,    111.90,1094
1119,    112.00,1253
1120,    112.10,1212
1121,    112.20,1307
1122,    112.30,1337
1123,    112.40,1358
1124,    112.50,1464
1125,    112.60,1423
1126,    112.70,1524
1127,    112.80,1497
1128,    112.90,1553
1129,    113.00,1584
1130,    113.10,1673
1131,    113.20,1592
1132,    113.30,1679
1133,    113.40,1718
1134,    113.50,1642
1135,    113.60,1747
1136,    113.70,1723
1137,    113.80,1727
1138,    113.90,1811
1139,    114.00,1729
1140,    114.10,1797
1141,    114.20,1789
1142,    114.30,1766
1143,    114.40,1824
1144,    114.50,1732
1145,    114.60,1771
1146,    114.70,1822
1147,    114.80,1765
1148,    114.90,1749
1149,    115.00,1782
1150,    115.10,1761
1151,    115.20,1697
1152,    115.30,1794
1153,    115.40,1744
1154,    115.50,1703
1155,    115.60,1775
1156,    115.70,1755
1157,    115.80,1679
1158,    115.90,1772
1159,    116.00,1718
1160,    116.10,1695
1161,    116.20,1787
1162,    116.30,1790
1163,    116.40,1770
1164,    116.50,1784
1165,    116.60,1797
1166,    116.70,1851
1167,    116.80,1820
1168,    116.90,1879
1169,    117.00,1936
1170,    117.10,1885
1171,    117.20,1979
1172,    117.30,1986
1173,    117.40,1992
1174,    117.50,2052
1175,    117.60,2060
1176,    117.70,2117
1177,    117.80,2180
1178,    117.90,2166
1179,    118.00,2249
1180,    118.10,2245
1181,    118.20,2311
1182,    118.30,2322
1183,    118.40,2397
1184,    118.50,2428
1185,    118.60,2436
1186,    118.70,2519
1187,    118.80,2479
1188,    118.90,2535
1189,    119.00,2546
1190,    119.10,2664
1191,    119.20,2554
1192,    119.30,2636
1193,    119.40,2581
1194,    119.50,2645
1195,    119.60,2685
1196,    119.70,2670
1197,    119.80,2723
1198,    119.90,2676
1199,    120.00,2769
1200,    120.10,2689
1201,    120.20,2776
1202,    120.30,2702
1203,    120.40,2762
1204,    120.50,2693
1205,    120.60,2758
1206,    120.70,2666
1207,    120.80,2762
1208,    120.90,2655
1209,    121.00,2736
1210,    121.10,2702
1211,    121.20,2719
1212,    121.30,2676
1213,    121.40,2720
1214,    121.50,2678
1215,    121.60,2643
1216,    121.70,2641
1217,    121.80,2649
1218,    121.90,2589
1219,    122.00,2706
1220,    122.10,2558
1221,    122.20,2685
1222,    122.30,2602
1223,    122.40,2679
1224,    122.50,2626
1225,    122.60,2681
1226,    122.70,2647
1227,    122.80,2721
1228,    122.90,2678
1229,    123.00,2776
1230,    123.10,2719
1231,    123.20,2749
1232,    123.30,2839
1233,    123.40,2792
1234,    123.50,2847
1235,    123.60,2883
1236,    123.70,2882
1237,    123.80,2984
1238,    123.90,2961
1239,    124.00,3074
1240,    124.10,3039
1241,    124.20,3087
1242,    124.30,3155
1243,    124.40,3142
1244,    124.50,3260
1245,    124.60,3247
1246,    124.70,3258
1247,    124.80,3361
1248,    124.90,3392
1249,    125.00,3403
1250,    125.10,3528
1251,    125.20,3510
1252,    125.30,3568
1253,    125.40,3614
1254,    125.50,3644
1255,    125.60,3698
1256,    125.70,3652
1257,    125.80,3761
1258,    125.90,3810
1259,    126.00,3812
1260,    126.10,3882
1261,    126.20,3897
1262,    126.30,3985
1263,    126.40,3973
1264,    126.50,4086
1265,    126.60,4011
1266,    126.70,4114
1267,    126.80,4086
1268,    126.90,4143
1269,    127.00,4158
1270,    127.10,4235
1271,    127.20,4161
1272,    127.30,4156
1273,    127.40,4231
1274,    127.50,4218
1275,    127.60,4230
1276,    127.70,4205
1277,    127.80,4253
1278,    127.90,4253
1279,    128.00,4257
1280,    128.10,4227
1281,    128.20,4289
1282,    128.30,4238
1283,    128.40,4261
1284,    128.50,4228
1285,    128.60,4244
1286,    128.70,4218
1287,    128.80,4159
1288,    128.90,4084
1289,    129.00,4140
1290,    129.10,4125
1291,    129.20,4139
1292,    129.30,4181
1293,    129.40,4084
1294,    129.50,4061
1295,    129.60,4090
1296,    129.70,4099
1297,    129.80,4057
1298,    129.90,4059
1299,    130.00,4085
1300,    130.10,4066
1301,    130.20,4087
1302,    130.30,4106
1303,    130.40,4062
1304,    130.50,4153
1305,    130.60,4095
1306,    130.70,4093
1307,    130.80,4257
1308,    130.90,4170
1309,    131.00,4169
1310,    131.10,4228
1311,    131.20,4271
1312,    131.30,4350
1313,    131.40,4302
1314,    131.50,4416
1315,    131.60,4424
1316,    131.70,4446
1317,    131.80,4454
1318,    131.90,4546
1319,    132.00,4535
1320,    132.10,4569
1321,    132.20,4591
1322,    132.30,4707
1323,    132.40,4719
1324,    132.50,4766
1325,    132.60,4786
1326,    132.70,4881
1327,    132.80,4853
1328,    132.90,4851
1329,    133.00,4982
1330,    133.10,4946
1331,    133.20,4977
1332,    133.30,5044
1333,    133.40,5095
1334,    133.50,5059
1335,    133.60,5123
1336,    133.70,5143
1337,    133.80,5139
1338,    133.90,5183
1339,    134.00,5199
1340,    134.10,5145
1341,    134.20,5225
1342,    134.30,5191
1343,    134.40,5118
1344,    134.50,5222
1345,    134.60,5144
1346,    134.70,5148
1347,    134.80,5192
1348,    134.90,5165
1349,    135.00,5175
1350,    135.10,5192
1351,    135.20,5156
1352,    135.30,5036
1353,    135.40,5103
1354,    135.50,5143
1355,    135.60,5027
1356,    135.70,5088
1357,    135.80,5106
1358,    135.90,5069
1359,    136.00,5084
1360,    136.10,5070
1361,    136.20,5073
1362,    136.30,5098
1363,    136.40,5071
1364,    136.50,5073
1365,    136.60,5032
1366,    136.70,5114
1367,    136.80,5154
1368,    136.90,5170
1369,    137.00,5213
1370,    137.10,5200
1371,    137.20,5195
1372,    137.30,5215
1373,    137.40,5278
1374,    137.50,5235
1375,    137.60,5304
1376,    137.70,5359
1377,    137.80,5397
1378,    137.90,5445
1379,    138.00,5440
1380,    138.10,5461
1381,    138.20,5501
1382,    138.30,5552
1383,    138.40,5499
1384,    138.50,5597
1385,    138.60,5647
1386,    138.70,5666
1387,    138.80,5676
1388,    138.90,5702
1389,    139.00,5833
1390,    139.10,5783
1391,    139.20,5844
1392,    139.30,5884
1393,    139.40,5952
1394,    139.50,5998
1395,    139.60,6046
1396,    139.70,5969
1397,    139.80,6098
1398,    139.90,6076
1399,    140.00,6100
1400,    140.10,6135
1401,    140.20,6211
1402,    140.30,6120
1403,    140.40,6221
1404,    140.50,6195
1405,    140.60,6217
1406,    140.70,6255
1407,    140.80,6252
1408,    140.90,6332
1409,    141.00,6302
1410,    141.10,6297
1411,    141.20,6420
1412,    141.30,6409
1413,    141.40,6392
1414,    141.50,6406
1415,    141.60,6379
1416,    141.70,6438
1417,    141.80,6459
1418,    141.90,6347
1419,    142.00,6389
1420,    142.10,6450
1421,    142.20,6455
1422,    142.30,6470
1423,    142.40,6383
1424,    142.50,6454
1425,    142.60,6459
1426,    142.70,6377
1427,    142.80,6409
1428,    142.90,6417
1429,    143.00,6438
1430,    143.10,6446
1431,    143.20,6399
1432,    143.30,6445
1433,    143.40,6367
1434,    143.50,6464
1435,    143.60,6538
1436,    143.70,6466
1437,    143.80,6538
1438,    143.90,6440
1439,    144.00,6444
1440,    144.10,6466
1441,    144.20,6574
1442,    144.30,6474
1443,    144.40,6499
1444,    144.50,6589
1445,    144.60,6528
1446,    144.70,6512
1447,    144.80,6634
1448,    144.90,6611
1449,    145.00,6662
1450,    145.10,6634
1451,    145.20,6598
1452,    145.30,6757
1453,    145.40,6817
1454,    145.50,6759
1455,    145.60,6871
1456,    145.70,6835
1457,    145.80,6874
1458,    145.90,6909
1459,    146.00,6896
1460,    146.10,6907
1461,    146.20,6935
1462,    146.30,7006
1463,    146.40,7083
1464,    146.50,7083
1465,    146.60,7074
1466,    146.70,7147
1467,    146.80,7120
1468,    146.90,7167
1469,    147.00,7249
1470,    147.10,7145
1471,    147.20,7252
1472,    147.30,7181
1473,    147.40,7319
1474,    147.50,7241
1475,    147.60,7245
1476,    147.70,7350
1477,    147.80,7244
1478,    147.90,7340
1479,    148.00,7230
1480,    148.10,7456
1481,    148.20,7338
1482,    148.30,7336
1483,    148.40,7236
1484,    148.50,7284
1485,    148.60,7261
1486,    148.70,7204
1487,    148.80,7344
1488,    148.90,7300
1489,    149.00,7193
1490,    149.10,7184
1491,    149.20,7185
1492,    149.30,7201
1493,    149.40,7246
1494,    149.50,7231
1495,    149.60,7220
1496,    149.70,7192
1497,    149.80,7196
1498,    149.90,7215
1499,    150.00,7216
1500,    150.10,7256
1501,    150.20,7274
1502,    150.30,7288
1503,    150.40,7334
1504,    150.50,7243
1505,    150.60,7354
1506,    150.70,7367
1507,    150.80,7422
1508,    150.90,7343
1509,    151.00,7431
1510,    151.10,7473
1511,    151.20,7517
1512,    151.30,7473
1513,    151.40,7542
1514,    151.50,7613
1515,    151.60,7677
1516,    151.70,7631
1517,    151.80,7691
1518,    151.90,7735
1519,    152.00,7767
1520,    152.10,7899
1521,    152.20,7855
1522,    152.30,7983
1523,    152.40,7995
1524,    152.50,7937
1525,    152.60,8011
1526,    152.70,8033
1527,    152.80,8225
1528,    152.90,8258
1529,    153.00,8301
1530,    153.10,8312
1531,    153.20,8339
1532,    153.30,8398
1533,    153.40,8454
1534,    153.50,8480
1535,    153.60,8380
1536,    153.70,8502
1537,    153.80,8564
1538,    153.90,8547
1539,    154.00,8581
1540,    154.10,8547
1541,    154.20,8588
1542,    154.30,8559
1543,    154.40,8691
1544,    154.50,8598
1545,    154.60,8636
1546,    154.70,8652
1547,    154.80,8510
1548,    154.90,8585
1549,    155.00,8586
1550,    155.10,8666
1551,    155.20,8632
1552,    155.30,8492
1553,    155.40,8590
1554,    155.50,8629
1555,    155.60,8657
1556,    155.70,8658
1557,    155.80,8626
1558,    155.90,8591
1559,    156.00,8556
1560,    156.10,8578
1561,    156.20,8580
1562,    156.30,8621
1563,    156.40,8529
1564,    156.50,8519
1565,    156.60,8548
1566,    156.70,8664
1567,    156.80,8582
1568,    156.90,8576
1569,    157.00,8635
1570,    157.10,8624
1571,    157.20,8631
1572,    157.30,8481
1573,    157.40,8586
1574,    157.50,8676
1575,    157.60,8558
1576,    157.70,8607
1577,    157.80,8625
1578,    157.90,8606
1579,    158.00,8649
1580,    158.10,8734
1581,    158.20,8653
1582,    158.30,8686
1583,    158.40,8659
1584,    158.50,8764
1585,    158.60,8808
1586,    158.70,8751
1587,    158.80,8852
1588,    158.90,8868
1589,    159.00,8891
1590,    159.10,8921
1591,    159.20,8878
1592,    159.30,8922
1593,    159.40,9043
1594,    159.50,9078
1595,    159.60,9055
1596,    159.70,9136
1597,    159.80,9114
1598,    159.90,9110
1599,    160.00,9186
1600,    160.10,9192
1601,    160.20,9263
1602,    160.30,9209
1603,    160.40,9345
1604,    160.50,9365
1605,    160.60,9440
1606,    160.70,9425
1607,    160.80,9403
1608,    160.90,9507
1609,    161.00,9571
1610,    161.10,9626
1611,    161.20,9515
1612,    161.30,9559
1613,    161.40,9633
1614,    161.50,9664
1615,    161.60,9663
1616,    161.70,9621
1617,    161.80,9659
1618,    161.90,9697
1619,    162.00,9638
1620,    162.10,9642
1621,    162.20,9653
1622,    162.30,9628
1623,    162.40,9676
1624,    162.50,9700
1625,    162.60,9694
1626,    162.70,9636
1627,    162.80,9633
1628,    162.90,9703
1629,    163.00,9720
1630,    163.10,9692
1631,    163.20,9685
1632,    163.30,9670
1633,    163.40,9656
1634,    163.50,9683
1635,    163.60,9710
1636,    163.70,9681
1637,    163.80,9688
1638,    163.90,9738
1639,    164.00,9683
1640,    164.10,9704
1641,    164.20,9657
1642,    164.30,9722
1643,    164.40,9722
1644,    164.50,9696
1645,    164.60,9685
1646,    164.70,9868
1647,    164.80,9818
1648,    164.90,9811
1649,    165.00,9836
1650,    165.10,9819
1651,    165.20,9881
1652,    165.30,9967
1653,    165.40,9924
1654,    165.50,9935
1655,    165.60,10052
1656,    165.70,10028
1657,    165.80,10107
1658,    165.90,10120
1659,    166.00,10137
1660,    166.10,10201
1661,    166.20,10147
1662,    166.30,10316
1663,    166.40,10228
1664,    166.50,10347
1665,    166.60,10355
1666,    166.70,10353
1667,    166.80,10466
1668,    166.90,10431
1669,    167.00,10448
1670,    167.10,10422
1671,    167.20,10538
1672,    167.30,10504
1673,    167.40,10573
1674,    167.50,10551
1675,    167.60,10616
1676,    167.70,10645
1677,    167.80,10551
1678,    167.90,10545
1679,    168.00,10612
1680,    168.10,10680
1681,    168.20,10639
1682,    168.30,10626
1683,    168.40,10684
1684,    168.50,10668
1685,    168.60,10633
1686,    168.70,10647
1687,    168.80,10603
1688,    168.90,10677
1689,    169.00,10697
1690,    169.10,10762
1691,    169.20,10562
1692,    169.30,10680
1693,    169.40,10629
1694,    169.50,10694
1695,    169.60,10547
1696,    169.70,10701
1697,    169.80,10650
1698,    169.90,10522
1699,    170.00,10624
1700,    170.10,10672
1701,    170.20,10711
1702,    170.30,10602
1703,    170.40,10643
1704,    170.50,10821
1705,    170.60,10609
1706,    170.70,10722
1707,    170.80,10726
1708,    170.90,10691
1709,    171.00,10844
1710,    171.10,10771
1711,    171.20,10779
1712,    171.30,10839
1713,    171.40,10844
1714,    171.50,10801
1715,    171.60,10922
1716,    171.70,10951
1717,    171.80,10962
1718,    171.90,10988
1719,    172.00,11070
1720,    172.10,11019
1721,    172.20,11055
1722,    172.30,11188
1723,    172.40,11139
1724,    172.50,11156
1725,    172.60,11128
1726,    172.70,11131
1727,    172.80,11339
1728,    172.90,11349
1729,    173.00,11397
1730,    173.10,11326
1731,    173.20,11349
1732,    173.30,11438
1733,    173.40,11452
1734,    173.50,11483
1735,    173.60,11479
1736,    173.70,11565
1737,    173.80,11535
1738,    173.90,11533
1739,    174.00,11640
1740,    174.10,11590
1741,    174.20,11690
1742,    174.30,11623
1743,    174.40,11666
1744,    174.50,11726
1745,    174.60,11783
1746,    174.70,11757
1747,    174.80,11761
1748,    174.90,11684
1749,    175.00,11691
1750,    175.10,11696
1751,    175.20,11624
1752,    175.30,11768
1753,    175.40,11672
1754,    175.50,11779
1755,    175.60,11801
1756,    175.70,11759
1757,    175.80,11647
1758,    175.90,11766
1759,    176.00,11660
1760,    176.10,11670
1761,    176.20,11797
1762,    176.30,11710
1763,    176.40,11702
1764,    176.50,11738
1765,    176.60,11697
1766,    176.70,11688
1767,    176.80,11706
1768,    176.90,11728
1769,    177.00,11720
1770,    177.10,11753
1771,    177.20,11665
1772,    177.30,11718
1773,    177.40,11797
1774,    177.50,11675
1775,    177.60,11678
1776,    177.70,11647
1777,    177.80,11761
1778,    177.90,11855
1779,    178.00,11698
1780,    178.10,11771
1781,    178.20,11706
1782,    178.30,11761
1783,    178.40,11826
1784,    178.50,11848
1785,    178.60,11877
1786,    178.70,11779
1787,    178.80,11905
1788,    178.90,11878
1789,    179.00,11908
1790,    179.10,12030
1791,    179.20,12025
1792,    179.30,12072
1793,    179.40,11997
1794,    179.50,12082
1795,    179.60,12084
1796,    179.70,12043
1797,    179.80,12259
1798,    179.90,12189
1799,    180.00,12377
1800,    180.10,12374
1801,    180.20,12396
1802,    180.30,12497
1803,    180.40,12386
1804,    180.50,12385
1805,    180.60,12395
1806,    180.70,12503
1807,    180.80,12473
1808,    180.90,12546
1809,    181.00,12620
1810,    181.10,12567
1811,    181.20,12632
1812,    181.30,12657
1813,    181.40,12589
1814,    181.50,12674
1815,    181.60,12698
1816,    181.70,12690
1817,    181.80,12841
1818,    181.90,12806
1819,    182.00,12759
1820,    182.10,12849
1821,    182.20,12862
1822,    182.30,12841
1823,    182.40,12835
1824,    182.50,12855
1825,    182.60,12721
1826,    182.70,12769
1827,    182.80,12846
1828,    182.90,12783
1829,    183.00,12823
1830,    183.10,12715
1831,    183.20,12859
1832,    183.30,12825
1833,    183.40,12764
1834,    183.50,12746
1835,    183.60,12733
1836,    183.70,12757
1837,    183.80,12663
1838,    183.90,12904
1839,    184.00,12836
1840,    184.10,12865
1841,    184.20,12746
1842,    184.30,12822
1843,    184.40,12858
1844,    184.50,12847
1845,    184.60,12991
1846,    184.70,12951
1847,    184.80,12925
1848,    184.90,12958
1849,    185.00,12966
1850,    185.10,12987
1851,    185.20,13034
1852,    185.30,13056
1853,    185.40,13050
1854,    185.50,13015
1855,    185.60,13124
1856,    185.70,13197
1857,    185.80,13181
1858,    185.90,13231
1859,    186.00,13328
1860,    186.10,13210
1861,    186.20,13266
1862,    186.30,13301
1863,    186.40,13318
1864,    186.50,13327
1865,    186.60,13436
1866,    186.70,13419
1867,    186.80,13425
1868,    186.90,13492
1869,    187.00,13523
1870,    187.10,13523
1871,    187.20,13574
1872,    187.30,13580
1873,    187.40,13652
1874,    187.50,13614
1875,    187.60,13676
1876,    187.70,13580
1877,    187.80,13660
1878,    187.90,13744
1879,    188.00,13817
1880,    188.10,13779
1881,    188.20,13778
1882,    188.30,13783
1883,    188.40,13826
1884,    188.50,13751
1885,    188.60,13820
1886,    188.70,13836
1887,    188.80,13870
1888,    188.90,13875
1889,    189.00,13780
1890,    189.10,13812
1891,    189.20,13855
1892,    189.30,13826
1893,    189.40,13844
1894,    189.50,13902
1895,    189.60,13896
1896,    189.70,13980
1897,    189.80,13802
1898,    189.90,13843
1899,    190.00,13781
1900,    190.10,13958
1901,    190.20,13886
1902,    190.30,13876
1903,    190.40,13893
1904,    190.50,13993
1905,    190.60,13916
1906,    190.70,13955
1907,    190.80,13882
1908,    190.90,14003
1909,    191.00,14026
1910,    191.10,13960
1911,    191.20,14058
1912,    191.30,13998
1913,    191.40,13894
1914,    191.50,13968
1915,    191.60,13971
1916,    191.70,14078
1917,    191.80,14084
1918,    191.90,14014
1919,    192.00,14139
1920,    192.10,14039
1921,    192.20,14050
1922,    192.30,14063
1923,    192.40,14005
1924,    192.50,14045
1925,    192.60,14148
1926,    192.70,14098
1927,    192.80,14188
1928,    192.90,14191
1929,    193.00,14289
1930,    193.10,14251
1931,    193.20,14264
1932,    193.30,14252
1933,    193.40,14344
1934,    193.50,14303
1935,    193.60,14313
1936,    193.70,14336
1937,    193.80,14360
1938,    193.90,14475
1939,    194.00,14489
1940,    194.10,14381
1941,    194.20,14599
1942,    194.30,14532
1943,    194.40,14535
1944,    194.50,14554
1945,    194.60,14683
1946,    194.70,14645
1947,    194.80,14702
1948,    194.90,14645
1949,    195.00,14700
1950,    195.10,14743
1951,    195.20,14694
1952,    195.30,14825
1953,    195.40,14696
1954,    195.50,14838
1955,    195.60,14841
1956,    195.70,14932
1957,    195.80,14829
1958,    195.90,14785
1959,    196.00,14906
1960,    196.10,14882
1961,    196.20,14862
1962,    196.30,14883
1963,    196.40,14863
1964,    196.50,14796
1965,    196.60,14882
1966,    196.70,14907
1967,    196.80,14861
1968,    196.90,14849
1969,    197.00,14820
1970,    197.10,14873
1971,    197.20,14890
1972,    197.30,14738
1973,    197.40,14833
1974,    197.50,14803
1975,    197.60,14969
1976,    197.70,14830
1977,    197.80,14878
1978,    197.90,14914
1979,    198.00,14899
1980,    198.10,14788
1981,    198.20,14997
1982,    198.30,15111
1983,    198.40,15041
1984,    198.50,15037
1985,    198.60,15100
1986,    198.70,15103
1987,    198.80,15123
1988,    198.90,15121
1989,    199.00,15087
1990,    199.10,15160
1991,    199.20,15134
1992,    199.30,15231
1993,    199.40,15217
1994,    199.50,15236
1995,    199.60,15303
1996,    199.70,15382
1997,    199.80,15355
1998,    199.90,15364
1999,    200.00,15431
2000,    200.10,15504
2001,    200.20,15461
2002,    200.30,15442
2003,    200.40,15456
2004,    200.50,15631
2005,    200.60,15616
2006,    200.70,15560
2007,    200.80,15612
2008,    200.90,15556
2009,    201.00,15683
2010,    201.10,15645
2011,    201.20,15739
2012,    201.30,15682
2013,    201.40,15703
2014,    201.50,15719
2015,    201.60,15562
2016,    201.70,15765
2017,    201.80,15713
2018,    201.90,15787
2019,    202.00,15724
2020,    202.10,15645
2021,    202.20,15717
2022,    202.30,15777
2023,    202.40,15812
2024,    202.50,15790
2025,    202.60,15771
2026,    202.70,15899
2027,    202.80,15856
2028,    202.90,16012
2029,    203.00,15863
2030,    203.10,15813
2031,    203.20,15817
2032,    203.30,15810
2033,    203.40,15889
2034,    203.50,15693
2035,    203.60,15962
2036,    203.70,15854
2037,    203.80,15822
2038,    203.90,15821
2039,    204.00,15758
2040,    204.10,15894
2041,    204.20,15833
2042,    204.30,15892
2043,    204.40,15826
2044,    204.50,15909
2045,    204.60,15805
2046,    204.70,16030
2047,    204.80,15950
