x-axis,1
second,Volt
+190.000E-06,+2.888026514E+00
+192.500E-06,+2.887967920E+00
+195.000E-06,+2.887919092E+00
+197.500E-06,+2.888026514E+00
+200.000E-06,+2.888163233E+00
+202.500E-06,+2.888231592E+00
+205.000E-06,+2.888212061E+00
+207.500E-06,+2.888182764E+00
+210.000E-06,+2.888153467E+00
+212.500E-06,+2.888124170E+00
+215.000E-06,+2.888114404E+00
+217.500E-06,+2.888094873E+00
+220.000E-06,+2.888065576E+00
+222.500E-06,+2.888036279E+00
+225.000E-06,+2.888046045E+00
+227.500E-06,+2.888055811E+00
+230.000E-06,+2.888046045E+00
+232.500E-06,+2.888016748E+00
+235.000E-06,+2.887958154E+00
+237.500E-06,+2.887860498E+00
+240.000E-06,+2.887811670E+00
+242.500E-06,+2.887782373E+00
+245.000E-06,+2.887733545E+00
+247.500E-06,+2.887762842E+00
+250.000E-06,+2.887753076E+00
+252.500E-06,+2.887762842E+00
+255.000E-06,+2.887714014E+00
+257.500E-06,+2.887655420E+00
+260.000E-06,+2.887587061E+00
+262.500E-06,+2.887577295E+00
+265.000E-06,+2.887528467E+00
+267.500E-06,+2.887518701E+00
+270.000E-06,+2.887469873E+00
+272.500E-06,+2.887489404E+00
+275.000E-06,+2.887489404E+00
+277.500E-06,+2.887450342E+00
+280.000E-06,+2.887518701E+00
+282.500E-06,+2.887538233E+00
+285.000E-06,+2.887567529E+00
+287.500E-06,+2.887596826E+00
+290.000E-06,+2.887577295E+00
+292.500E-06,+2.887577295E+00
+295.000E-06,+2.887635889E+00
+297.500E-06,+2.887616358E+00
+300.000E-06,+2.887635889E+00
+302.500E-06,+2.887723779E+00
+305.000E-06,+2.887694483E+00
+307.500E-06,+2.887762842E+00
+310.000E-06,+2.887733545E+00
+312.500E-06,+2.887655420E+00
+315.000E-06,+2.887606592E+00
+317.500E-06,+2.887567529E+00
+320.000E-06,+2.887587061E+00
+322.500E-06,+2.887567529E+00
+325.000E-06,+2.887587061E+00
+327.500E-06,+2.887547998E+00
+330.000E-06,+2.887616358E+00
+332.500E-06,+2.887567529E+00
+335.000E-06,+2.887567529E+00
+337.500E-06,+2.887606592E+00
+340.000E-06,+2.887567529E+00
+342.500E-06,+2.887626123E+00
+345.000E-06,+2.887655420E+00
+347.500E-06,+2.887674951E+00
+350.000E-06,+2.887753076E+00
+352.500E-06,+2.887840967E+00
+355.000E-06,+2.887840967E+00
+357.500E-06,+2.887919092E+00
+360.000E-06,+2.887958154E+00
+362.500E-06,+2.887987451E+00
+365.000E-06,+2.888006983E+00
+367.500E-06,+2.887987451E+00
+370.000E-06,+2.888055811E+00
+372.500E-06,+2.888075342E+00
+375.000E-06,+2.888085108E+00
+377.500E-06,+2.888133936E+00
+380.000E-06,+2.888182764E+00
+382.500E-06,+2.888172998E+00
+385.000E-06,+2.888143701E+00
+387.500E-06,+2.888241358E+00
+390.000E-06,+2.888182764E+00
+392.500E-06,+2.888114404E+00
+395.000E-06,+2.888094873E+00
+397.500E-06,+2.888104639E+00
+400.000E-06,+2.888114404E+00
+402.500E-06,+2.888075342E+00
+405.000E-06,+2.888026514E+00
+407.500E-06,+2.888085108E+00
+410.000E-06,+2.888094873E+00
+412.500E-06,+2.888055811E+00
+415.000E-06,+2.888016748E+00
+417.500E-06,+2.888016748E+00
+420.000E-06,+2.887987451E+00
+422.500E-06,+2.888016748E+00
+425.000E-06,+2.888036279E+00
+427.500E-06,+2.888046045E+00
+430.000E-06,+2.888016748E+00
+432.500E-06,+2.888016748E+00
+435.000E-06,+2.887987451E+00
+437.500E-06,+2.887928858E+00
+440.000E-06,+2.887977686E+00
+442.500E-06,+2.887987451E+00
+445.000E-06,+2.887967920E+00
+447.500E-06,+2.887928858E+00
+450.000E-06,+2.887919092E+00
+452.500E-06,+2.887860498E+00
+455.000E-06,+2.887899561E+00
+457.500E-06,+2.887919092E+00
+460.000E-06,+2.887831201E+00
+462.500E-06,+2.887850733E+00
+465.000E-06,+2.887801904E+00
+467.500E-06,+2.887704248E+00
+470.000E-06,+2.887635889E+00
+472.500E-06,+2.887645654E+00
+475.000E-06,+2.887567529E+00
+477.500E-06,+2.887499170E+00
+480.000E-06,+2.887391748E+00
+482.500E-06,+2.887323389E+00
+485.000E-06,+2.887235498E+00
+487.500E-06,+2.887098779E+00
+490.000E-06,+2.886981592E+00
+492.500E-06,+2.886835108E+00
+495.000E-06,+2.886639795E+00
+497.500E-06,+2.886464014E+00
+500.000E-06,+2.886297998E+00
+502.500E-06,+2.886044092E+00
+505.000E-06,+2.885985498E+00
+507.500E-06,+2.885848780E+00
+510.000E-06,+2.885633936E+00
+512.500E-06,+2.885360498E+00
+515.000E-06,+2.885067530E+00
+517.500E-06,+2.884842920E+00
+520.000E-06,+2.884569483E+00
+522.500E-06,+2.884344873E+00
+525.000E-06,+2.884012842E+00
+527.500E-06,+2.883710108E+00
+530.000E-06,+2.883505030E+00
+532.500E-06,+2.883251123E+00
+535.000E-06,+2.882938623E+00
+537.500E-06,+2.882528467E+00
+540.000E-06,+2.882147608E+00
+542.500E-06,+2.881825342E+00
+545.000E-06,+2.881522608E+00
+547.500E-06,+2.881210108E+00
+550.000E-06,+2.880858545E+00
+552.500E-06,+2.880467920E+00
+555.000E-06,+2.880116358E+00
+557.500E-06,+2.879842920E+00
+560.000E-06,+2.879520655E+00
+562.500E-06,+2.879169092E+00
+565.000E-06,+2.878749170E+00
+567.500E-06,+2.878299952E+00
+570.000E-06,+2.877831202E+00
+572.500E-06,+2.877401514E+00
+575.000E-06,+2.877059717E+00
+577.500E-06,+2.876630030E+00
+580.000E-06,+2.876171045E+00
+582.500E-06,+2.875731592E+00
+585.000E-06,+2.875223780E+00
+587.500E-06,+2.874774561E+00
+590.000E-06,+2.874354639E+00
+592.500E-06,+2.873866358E+00
+595.000E-06,+2.873378077E+00
+597.500E-06,+2.872870264E+00
+600.000E-06,+2.872411280E+00
+602.500E-06,+2.871942530E+00
+605.000E-06,+2.871542139E+00
+607.500E-06,+2.871200342E+00
+610.000E-06,+2.870819483E+00
+612.500E-06,+2.870419092E+00
+615.000E-06,+2.869969874E+00
+617.500E-06,+2.869510889E+00
+620.000E-06,+2.869071436E+00
+622.500E-06,+2.868651514E+00
+625.000E-06,+2.868172999E+00
+627.500E-06,+2.867714014E+00
+630.000E-06,+2.867333155E+00
+632.500E-06,+2.866991358E+00
+635.000E-06,+2.866630030E+00
+637.500E-06,+2.866297999E+00
+640.000E-06,+2.865897608E+00
+642.500E-06,+2.865604639E+00
+645.000E-06,+2.865223780E+00
+647.500E-06,+2.864901514E+00
+650.000E-06,+2.864510889E+00
+652.500E-06,+2.864217921E+00
+655.000E-06,+2.863993311E+00
+657.500E-06,+2.863758936E+00
+660.000E-06,+2.863524561E+00
+662.500E-06,+2.863299952E+00
+665.000E-06,+2.863046046E+00
+667.500E-06,+2.862811671E+00
+670.000E-06,+2.862616358E+00
+672.500E-06,+2.862518702E+00
+675.000E-06,+2.862440577E+00
+677.500E-06,+2.862323389E+00
+680.000E-06,+2.862255030E+00
+682.500E-06,+2.862284327E+00
+685.000E-06,+2.862245264E+00
+687.500E-06,+2.862206202E+00
+690.000E-06,+2.862137843E+00
+692.500E-06,+2.862098780E+00
+695.000E-06,+2.862069483E+00
+697.500E-06,+2.862089014E+00
+700.000E-06,+2.862079249E+00
+702.500E-06,+2.862157374E+00
+705.000E-06,+2.862186671E+00
+707.500E-06,+2.862284327E+00
+710.000E-06,+2.862421046E+00
+712.500E-06,+2.862538233E+00
+715.000E-06,+2.862674952E+00
+717.500E-06,+2.862772608E+00
+720.000E-06,+2.862831202E+00
+722.500E-06,+2.862958155E+00
+725.000E-06,+2.863153468E+00
+727.500E-06,+2.863368311E+00
+730.000E-06,+2.863583155E+00
+732.500E-06,+2.863758936E+00
+735.000E-06,+2.863954249E+00
+737.500E-06,+2.864159327E+00
+740.000E-06,+2.864354639E+00
+742.500E-06,+2.864569483E+00
+745.000E-06,+2.864833155E+00
+747.500E-06,+2.865087061E+00
+750.000E-06,+2.865243311E+00
+752.500E-06,+2.865487452E+00
+755.000E-06,+2.865780421E+00
+757.500E-06,+2.866141749E+00
+760.000E-06,+2.866483546E+00
+762.500E-06,+2.866825342E+00
+765.000E-06,+2.867147608E+00
+767.500E-06,+2.867460108E+00
+770.000E-06,+2.867831202E+00
+772.500E-06,+2.868182764E+00
+775.000E-06,+2.868524561E+00
+777.500E-06,+2.868797999E+00
+780.000E-06,+2.869130030E+00
+782.500E-06,+2.869540186E+00
+785.000E-06,+2.869921045E+00
+787.500E-06,+2.870282374E+00
+790.000E-06,+2.870546045E+00
+792.500E-06,+2.870829249E+00
+795.000E-06,+2.871131983E+00
+797.500E-06,+2.871415186E+00
+800.000E-06,+2.871659327E+00
+802.500E-06,+2.871991358E+00
+805.000E-06,+2.872333155E+00
+807.500E-06,+2.872606592E+00
+810.000E-06,+2.872958155E+00
+812.500E-06,+2.873319483E+00
+815.000E-06,+2.873612452E+00
+817.500E-06,+2.873934717E+00
+820.000E-06,+2.874237452E+00
+822.500E-06,+2.874569483E+00
+825.000E-06,+2.874852686E+00
+827.500E-06,+2.875096827E+00
+830.000E-06,+2.875350733E+00
+832.500E-06,+2.875604639E+00
+835.000E-06,+2.875887842E+00
+837.500E-06,+2.876190577E+00
+840.000E-06,+2.876454248E+00
+842.500E-06,+2.876708155E+00
+845.000E-06,+2.876874170E+00
+847.500E-06,+2.877098780E+00
+850.000E-06,+2.877274561E+00
+852.500E-06,+2.877538233E+00
+855.000E-06,+2.877782373E+00
+857.500E-06,+2.878065577E+00
+860.000E-06,+2.878309717E+00
+862.500E-06,+2.878563623E+00
+865.000E-06,+2.878700342E+00
+867.500E-06,+2.878856592E+00
+870.000E-06,+2.879022608E+00
+872.500E-06,+2.879169092E+00
+875.000E-06,+2.879276514E+00
+877.500E-06,+2.879452295E+00
+880.000E-06,+2.879667139E+00
+882.500E-06,+2.879755030E+00
+885.000E-06,+2.879911280E+00
+887.500E-06,+2.880047998E+00
+890.000E-06,+2.880126123E+00
+892.500E-06,+2.880184717E+00
+895.000E-06,+2.880243311E+00
+897.500E-06,+2.880321436E+00
+900.000E-06,+2.880438623E+00
+902.500E-06,+2.880458155E+00
+905.000E-06,+2.880516748E+00
+907.500E-06,+2.880633936E+00
+910.000E-06,+2.880702295E+00
+912.500E-06,+2.880780420E+00
+915.000E-06,+2.880721826E+00
+917.500E-06,+2.880712061E+00
+920.000E-06,+2.880731592E+00
+922.500E-06,+2.880780420E+00
+925.000E-06,+2.880770655E+00
+927.500E-06,+2.880819483E+00
+930.000E-06,+2.880839014E+00
+932.500E-06,+2.880878076E+00
+935.000E-06,+2.880956201E+00
+937.500E-06,+2.881014795E+00
+940.000E-06,+2.881053858E+00
+942.500E-06,+2.881063623E+00
+945.000E-06,+2.881092920E+00
+947.500E-06,+2.881063623E+00
+950.000E-06,+2.881122217E+00
+952.500E-06,+2.881141748E+00
+955.000E-06,+2.881151514E+00
+957.500E-06,+2.881161280E+00
+960.000E-06,+2.881219873E+00
+962.500E-06,+2.881268701E+00
+965.000E-06,+2.881288233E+00
+967.500E-06,+2.881395655E+00
+970.000E-06,+2.881454248E+00
+972.500E-06,+2.881483545E+00
+975.000E-06,+2.881522608E+00
+977.500E-06,+2.881581201E+00
+980.000E-06,+2.881571436E+00
+982.500E-06,+2.881571436E+00
+985.000E-06,+2.881542139E+00
+987.500E-06,+2.881620264E+00
+990.000E-06,+2.881717920E+00
+992.500E-06,+2.881874170E+00
+995.000E-06,+2.881942530E+00
+997.500E-06,+2.882010889E+00
+1.000000E-03,+2.881981592E+00
+1.002500E-03,+2.881981592E+00
+1.005000E-03,+2.881991358E+00
+1.007500E-03,+2.881981592E+00
+1.010000E-03,+2.881981592E+00
+1.012500E-03,+2.882040186E+00
+1.015000E-03,+2.882108545E+00
+1.017500E-03,+2.882040186E+00
+1.020000E-03,+2.882020655E+00
+1.022500E-03,+2.882069483E+00
+1.025000E-03,+2.882030420E+00
+1.027500E-03,+2.881932764E+00
+1.030000E-03,+2.881874170E+00
+1.032500E-03,+2.881835108E+00
+1.035000E-03,+2.881766748E+00
+1.037500E-03,+2.881756983E+00
+1.040000E-03,+2.881659326E+00
+1.042500E-03,+2.881600733E+00
+1.045000E-03,+2.881551905E+00
+1.047500E-03,+2.881454248E+00
+1.050000E-03,+2.881327295E+00
+1.052500E-03,+2.881229639E+00
+1.055000E-03,+2.881210108E+00
+1.057500E-03,+2.881141748E+00
+1.060000E-03,+2.881005030E+00
+1.062500E-03,+2.880887842E+00
+1.065000E-03,+2.880780420E+00
+1.067500E-03,+2.880702295E+00
+1.070000E-03,+2.880604639E+00
+1.072500E-03,+2.880458155E+00
+1.075000E-03,+2.880409327E+00
+1.077500E-03,+2.880321436E+00
+1.080000E-03,+2.880174952E+00
+1.082500E-03,+2.879979639E+00
+1.085000E-03,+2.879823389E+00
+1.087500E-03,+2.879637842E+00
+1.090000E-03,+2.879452295E+00
+1.092500E-03,+2.879344873E+00
+1.095000E-03,+2.879169092E+00
+1.097500E-03,+2.878973780E+00
+1.100000E-03,+2.878866358E+00
+1.102500E-03,+2.878749170E+00
+1.105000E-03,+2.878544092E+00
+1.107500E-03,+2.878339014E+00
+1.110000E-03,+2.878114405E+00
+1.112500E-03,+2.877919092E+00
+1.115000E-03,+2.877743311E+00
+1.117500E-03,+2.877567530E+00
+1.120000E-03,+2.877342920E+00
+1.122500E-03,+2.877147608E+00
+1.125000E-03,+2.876922998E+00
+1.127500E-03,+2.876717920E+00
+1.130000E-03,+2.876571436E+00
+1.132500E-03,+2.876356592E+00
+1.135000E-03,+2.876141748E+00
+1.137500E-03,+2.876014795E+00
+1.140000E-03,+2.875848780E+00
+1.142500E-03,+2.875653467E+00
+1.145000E-03,+2.875448389E+00
+1.147500E-03,+2.875223780E+00
+1.150000E-03,+2.875018702E+00
+1.152500E-03,+2.874823389E+00
+1.155000E-03,+2.874657374E+00
+1.157500E-03,+2.874364405E+00
+1.160000E-03,+2.874178858E+00
+1.162500E-03,+2.873983545E+00
+1.165000E-03,+2.873768702E+00
+1.167500E-03,+2.873514795E+00
+1.170000E-03,+2.873270655E+00
+1.172500E-03,+2.873085108E+00
+1.175000E-03,+2.872948389E+00
+1.177500E-03,+2.872762842E+00
+1.180000E-03,+2.872450342E+00
+1.182500E-03,+2.872225733E+00
+1.185000E-03,+2.871971827E+00
+1.187500E-03,+2.871678858E+00
+1.190000E-03,+2.871551905E+00
+1.192500E-03,+2.871376124E+00
+1.195000E-03,+2.871161280E+00
+1.197500E-03,+2.870956202E+00
+1.200000E-03,+2.870780420E+00
+1.202500E-03,+2.870633936E+00
+1.205000E-03,+2.870497217E+00
+1.207500E-03,+2.870360499E+00
+1.210000E-03,+2.870233545E+00
+1.212500E-03,+2.870106592E+00
+1.215000E-03,+2.869940577E+00
+1.217500E-03,+2.869813624E+00
+1.220000E-03,+2.869745264E+00
+1.222500E-03,+2.869647608E+00
+1.225000E-03,+2.869540186E+00
+1.227500E-03,+2.869501124E+00
+1.230000E-03,+2.869452296E+00
+1.232500E-03,+2.869403467E+00
+1.235000E-03,+2.869344874E+00
+1.237500E-03,+2.869335108E+00
+1.240000E-03,+2.869344874E+00
+1.242500E-03,+2.869286280E+00
+1.245000E-03,+2.869247217E+00
+1.247500E-03,+2.869217921E+00
+1.250000E-03,+2.869169092E+00
+1.252500E-03,+2.869081202E+00
+1.255000E-03,+2.869012842E+00
+1.257500E-03,+2.868964014E+00
+1.260000E-03,+2.868964014E+00
+1.262500E-03,+2.868924952E+00
+1.265000E-03,+2.868856592E+00
+1.267500E-03,+2.868876124E+00
+1.270000E-03,+2.868905421E+00
+1.272500E-03,+2.868983546E+00
+1.275000E-03,+2.869003077E+00
+1.277500E-03,+2.869012842E+00
+1.280000E-03,+2.868983546E+00
+1.282500E-03,+2.868993311E+00
+1.285000E-03,+2.869061671E+00
+1.287500E-03,+2.869032374E+00
+1.290000E-03,+2.869100733E+00
+1.292500E-03,+2.869110499E+00
+1.295000E-03,+2.869100733E+00
+1.297500E-03,+2.869188624E+00
+1.300000E-03,+2.869227686E+00
+1.302500E-03,+2.869198389E+00
+1.305000E-03,+2.869237452E+00
+1.307500E-03,+2.869305811E+00
+1.310000E-03,+2.869344874E+00
+1.312500E-03,+2.869383936E+00
+1.315000E-03,+2.869462061E+00
+1.317500E-03,+2.869589014E+00
+1.320000E-03,+2.869647608E+00
+1.322500E-03,+2.869774561E+00
+1.325000E-03,+2.869901514E+00
+1.327500E-03,+2.870008936E+00
+1.330000E-03,+2.870106592E+00
+1.332500E-03,+2.870126124E+00
+1.335000E-03,+2.870223780E+00
+1.337500E-03,+2.870350733E+00
+1.340000E-03,+2.870428858E+00
+1.342500E-03,+2.870575342E+00
+1.345000E-03,+2.870741358E+00
+1.347500E-03,+2.870917139E+00
+1.350000E-03,+2.871034327E+00
+1.352500E-03,+2.871151514E+00
+1.355000E-03,+2.871288233E+00
+1.357500E-03,+2.871327295E+00
+1.360000E-03,+2.871385889E+00
+1.362500E-03,+2.871493311E+00
+1.365000E-03,+2.871561670E+00
+1.367500E-03,+2.871698389E+00
+1.370000E-03,+2.871883936E+00
+1.372500E-03,+2.872010889E+00
+1.375000E-03,+2.872069483E+00
+1.377500E-03,+2.872245264E+00
+1.380000E-03,+2.872313624E+00
+1.382500E-03,+2.872401514E+00
+1.385000E-03,+2.872499170E+00
+1.387500E-03,+2.872674952E+00
+1.390000E-03,+2.872850733E+00
+1.392500E-03,+2.872899561E+00
+1.395000E-03,+2.873026514E+00
+1.397500E-03,+2.873172999E+00
+1.400000E-03,+2.873251124E+00
+1.402500E-03,+2.873358545E+00
+1.405000E-03,+2.873446436E+00
+1.407500E-03,+2.873592920E+00
+1.410000E-03,+2.873641749E+00
+1.412500E-03,+2.873729639E+00
+1.415000E-03,+2.873856592E+00
+1.417500E-03,+2.873983545E+00
+1.420000E-03,+2.874100733E+00
+1.422500E-03,+2.874256983E+00
+1.425000E-03,+2.874344874E+00
+1.427500E-03,+2.874432764E+00
+1.430000E-03,+2.874530420E+00
+1.432500E-03,+2.874618311E+00
+1.435000E-03,+2.874628077E+00
+1.437500E-03,+2.874755030E+00
+1.440000E-03,+2.874862452E+00
+1.442500E-03,+2.874999170E+00
+1.445000E-03,+2.875077295E+00
+1.447500E-03,+2.875223780E+00
+1.450000E-03,+2.875331202E+00
+1.452500E-03,+2.875380030E+00
+1.455000E-03,+2.875428858E+00
+1.457500E-03,+2.875565577E+00
+1.460000E-03,+2.875819483E+00
+1.462500E-03,+2.875975733E+00
+1.465000E-03,+2.876083155E+00
+1.467500E-03,+2.876219873E+00
+1.470000E-03,+2.876278467E+00
+1.472500E-03,+2.876337061E+00
+1.475000E-03,+2.876454248E+00
+1.477500E-03,+2.876620264E+00
+1.480000E-03,+2.876756983E+00
+1.482500E-03,+2.876893702E+00
+1.485000E-03,+2.877010889E+00
+1.487500E-03,+2.877157373E+00
+1.490000E-03,+2.877342920E+00
+1.492500E-03,+2.877450342E+00
+1.495000E-03,+2.877538233E+00
+1.497500E-03,+2.877704248E+00
+1.500000E-03,+2.877831202E+00
+1.502500E-03,+2.877958155E+00
+1.505000E-03,+2.878153467E+00
+1.507500E-03,+2.878280420E+00
+1.510000E-03,+2.878378077E+00
+1.512500E-03,+2.878475733E+00
+1.515000E-03,+2.878534327E+00
+1.517500E-03,+2.878700342E+00
+1.520000E-03,+2.878778467E+00
+1.522500E-03,+2.878885889E+00
+1.525000E-03,+2.878924952E+00
+1.527500E-03,+2.878964014E+00
+1.530000E-03,+2.878895655E+00
+1.532500E-03,+2.878905420E+00
+1.535000E-03,+2.878954248E+00
+1.537500E-03,+2.879032373E+00
+1.540000E-03,+2.879110498E+00
+1.542500E-03,+2.879198389E+00
+1.545000E-03,+2.879247217E+00
+1.547500E-03,+2.879247217E+00
+1.550000E-03,+2.879305811E+00
+1.552500E-03,+2.879315577E+00
+1.555000E-03,+2.879403467E+00
+1.557500E-03,+2.879501123E+00
+1.560000E-03,+2.879559717E+00
+1.562500E-03,+2.879569483E+00
+1.565000E-03,+2.879589014E+00
+1.567500E-03,+2.879647608E+00
+1.570000E-03,+2.879764795E+00
+1.572500E-03,+2.879803858E+00
+1.575000E-03,+2.879872217E+00
+1.577500E-03,+2.879891748E+00
+1.580000E-03,+2.879989405E+00
+1.582500E-03,+2.879960108E+00
+1.585000E-03,+2.879989405E+00
+1.587500E-03,+2.879999170E+00
+1.590000E-03,+2.879940577E+00
+1.592500E-03,+2.879969873E+00
+1.595000E-03,+2.879989405E+00
+1.597500E-03,+2.880047998E+00
+1.600000E-03,+2.880106592E+00
+1.602500E-03,+2.880165186E+00
+1.605000E-03,+2.880174952E+00
+1.607500E-03,+2.880126123E+00
+1.610000E-03,+2.880087061E+00
+1.612500E-03,+2.880087061E+00
+1.615000E-03,+2.879979639E+00
+1.617500E-03,+2.879960108E+00
+1.620000E-03,+2.879921045E+00
+1.622500E-03,+2.879872217E+00
+1.625000E-03,+2.879755030E+00
+1.627500E-03,+2.879628077E+00
+1.630000E-03,+2.879549952E+00
+1.632500E-03,+2.879462061E+00
+1.635000E-03,+2.879364405E+00
+1.637500E-03,+2.879305811E+00
+1.640000E-03,+2.879247217E+00
+1.642500E-03,+2.879149561E+00
+1.645000E-03,+2.879090967E+00
+1.647500E-03,+2.879071436E+00
+1.650000E-03,+2.878973780E+00
+1.652500E-03,+2.878788233E+00
+1.655000E-03,+2.878583155E+00
+1.657500E-03,+2.878456202E+00
+1.660000E-03,+2.878329248E+00
+1.662500E-03,+2.878153467E+00
+1.665000E-03,+2.877997217E+00
+1.667500E-03,+2.877801905E+00
+1.670000E-03,+2.877694483E+00
+1.672500E-03,+2.877645655E+00
+1.675000E-03,+2.877538233E+00
+1.677500E-03,+2.877430811E+00
+1.680000E-03,+2.877333155E+00
+1.682500E-03,+2.877264795E+00
+1.685000E-03,+2.877206202E+00
+1.687500E-03,+2.877128077E+00
+1.690000E-03,+2.877020655E+00
+1.692500E-03,+2.876893702E+00
+1.695000E-03,+2.876815577E+00
+1.697500E-03,+2.876669092E+00
+1.700000E-03,+2.876444483E+00
+1.702500E-03,+2.876297998E+00
+1.705000E-03,+2.876161280E+00
+1.707500E-03,+2.876053858E+00
+1.710000E-03,+2.875946436E+00
+1.712500E-03,+2.875839014E+00
+1.715000E-03,+2.875790186E+00
+1.717500E-03,+2.875741358E+00
+1.720000E-03,+2.875633936E+00
+1.722500E-03,+2.875487452E+00
+1.725000E-03,+2.875389795E+00
+1.727500E-03,+2.875262842E+00
+1.730000E-03,+2.875165186E+00
+1.732500E-03,+2.875057764E+00
+1.735000E-03,+2.874911280E+00
+1.737500E-03,+2.874794092E+00
+1.740000E-03,+2.874696436E+00
+1.742500E-03,+2.874559717E+00
+1.745000E-03,+2.874383936E+00
+1.747500E-03,+2.874217920E+00
+1.750000E-03,+2.874090967E+00
+1.752500E-03,+2.873934717E+00
+1.755000E-03,+2.873758936E+00
+1.757500E-03,+2.873514795E+00
+1.760000E-03,+2.873368311E+00
+1.762500E-03,+2.873260889E+00
+1.765000E-03,+2.873212061E+00
+1.767500E-03,+2.873133936E+00
+1.770000E-03,+2.873046045E+00
+1.772500E-03,+2.872977686E+00
+1.775000E-03,+2.872860499E+00
+1.777500E-03,+2.872674952E+00
+1.780000E-03,+2.872547999E+00
+1.782500E-03,+2.872440577E+00
+1.785000E-03,+2.872294092E+00
+1.787500E-03,+2.872245264E+00
+1.790000E-03,+2.872118311E+00
+1.792500E-03,+2.872001124E+00
+1.795000E-03,+2.871893702E+00
+1.797500E-03,+2.871854639E+00
+1.800000E-03,+2.871805811E+00
+1.802500E-03,+2.871776514E+00
+1.805000E-03,+2.871727686E+00
+1.807500E-03,+2.871678858E+00
+1.810000E-03,+2.871581202E+00
+1.812500E-03,+2.871483545E+00
+1.815000E-03,+2.871434717E+00
+1.817500E-03,+2.871337061E+00
+1.820000E-03,+2.871268702E+00
+1.822500E-03,+2.871210108E+00
+1.825000E-03,+2.871190577E+00
+1.827500E-03,+2.871229639E+00
+1.830000E-03,+2.871161280E+00
+1.832500E-03,+2.871112452E+00
+1.835000E-03,+2.871005030E+00
+1.837500E-03,+2.870936670E+00
+1.840000E-03,+2.870907374E+00
+1.842500E-03,+2.870790186E+00
+1.845000E-03,+2.870751124E+00
+1.847500E-03,+2.870780420E+00
+1.850000E-03,+2.870751124E+00
+1.852500E-03,+2.870770655E+00
+1.855000E-03,+2.870712061E+00
+1.857500E-03,+2.870663233E+00
+1.860000E-03,+2.870692530E+00
+1.862500E-03,+2.870712061E+00
+1.865000E-03,+2.870770655E+00
+1.867500E-03,+2.870692530E+00
+1.870000E-03,+2.870653467E+00
+1.872500E-03,+2.870604639E+00
+1.875000E-03,+2.870624170E+00
+1.877500E-03,+2.870643702E+00
+1.880000E-03,+2.870624170E+00
+1.882500E-03,+2.870526514E+00
+1.885000E-03,+2.870438624E+00
+1.887500E-03,+2.870497217E+00
+1.890000E-03,+2.870536280E+00
+1.892500E-03,+2.870624170E+00
+1.895000E-03,+2.870672999E+00
+1.897500E-03,+2.870712061E+00
+1.900000E-03,+2.870770655E+00
+1.902500E-03,+2.870858545E+00
+1.905000E-03,+2.870887842E+00
+1.907500E-03,+2.870946436E+00
+1.910000E-03,+2.870946436E+00
+1.912500E-03,+2.871014795E+00
+1.915000E-03,+2.871053858E+00
+1.917500E-03,+2.871151514E+00
+1.920000E-03,+2.871180811E+00
+1.922500E-03,+2.871190577E+00
+1.925000E-03,+2.871258936E+00
+1.927500E-03,+2.871366358E+00
+1.930000E-03,+2.871473780E+00
+1.932500E-03,+2.871522608E+00
+1.935000E-03,+2.871561670E+00
+1.937500E-03,+2.871581202E+00
+1.940000E-03,+2.871630030E+00
+1.942500E-03,+2.871678858E+00
+1.945000E-03,+2.871835108E+00
+1.947500E-03,+2.872020655E+00
+1.950000E-03,+2.872118311E+00
+1.952500E-03,+2.872176905E+00
+1.955000E-03,+2.872225733E+00
+1.957500E-03,+2.872284327E+00
+1.960000E-03,+2.872362452E+00
+1.962500E-03,+2.872381983E+00
+1.965000E-03,+2.872469874E+00
+1.967500E-03,+2.872567530E+00
+1.970000E-03,+2.872674952E+00
+1.972500E-03,+2.872792139E+00
+1.975000E-03,+2.872860499E+00
+1.977500E-03,+2.872987452E+00
+1.980000E-03,+2.873133936E+00
+1.982500E-03,+2.873221827E+00
+1.985000E-03,+2.873280420E+00
+1.987500E-03,+2.873329249E+00
+1.990000E-03,+2.873329249E+00
+1.992500E-03,+2.873378077E+00
+1.995000E-03,+2.873514795E+00
+1.997500E-03,+2.873641749E+00
+2.000000E-03,+2.873671045E+00
+2.002500E-03,+2.873729639E+00
+2.005000E-03,+2.873817530E+00
+2.007500E-03,+2.873924952E+00
+2.010000E-03,+2.874051905E+00
+2.012500E-03,+2.874198389E+00
+2.015000E-03,+2.874286280E+00
+2.017500E-03,+2.874335108E+00
+2.020000E-03,+2.874442530E+00
+2.022500E-03,+2.874491358E+00
+2.025000E-03,+2.874559717E+00
+2.027500E-03,+2.874657374E+00
+2.030000E-03,+2.874755030E+00
+2.032500E-03,+2.874823389E+00
+2.035000E-03,+2.874891749E+00
+2.037500E-03,+2.874862452E+00
+2.040000E-03,+2.874901514E+00
+2.042500E-03,+2.875018702E+00
+2.045000E-03,+2.875018702E+00
+2.047500E-03,+2.875008936E+00
+2.050000E-03,+2.875106592E+00
+2.052500E-03,+2.875292139E+00
+2.055000E-03,+2.875409327E+00
+2.057500E-03,+2.875477686E+00
+2.060000E-03,+2.875536280E+00
+2.062500E-03,+2.875653467E+00
+2.065000E-03,+2.875692530E+00
+2.067500E-03,+2.875751123E+00
+2.070000E-03,+2.875839014E+00
+2.072500E-03,+2.875926905E+00
+2.075000E-03,+2.876034327E+00
+2.077500E-03,+2.876131983E+00
+2.080000E-03,+2.876131983E+00
+2.082500E-03,+2.876210108E+00
+2.085000E-03,+2.876317530E+00
+2.087500E-03,+2.876424952E+00
+2.090000E-03,+2.876503077E+00
+2.092500E-03,+2.876659327E+00
+2.095000E-03,+2.876747217E+00
+2.097500E-03,+2.876825342E+00
+2.100000E-03,+2.876893702E+00
+2.102500E-03,+2.877079248E+00
+2.105000E-03,+2.877206202E+00
+2.107500E-03,+2.877333155E+00
+2.110000E-03,+2.877479639E+00
+2.112500E-03,+2.877635889E+00
+2.115000E-03,+2.877714014E+00
+2.117500E-03,+2.877772608E+00
+2.120000E-03,+2.877860498E+00
+2.122500E-03,+2.877909327E+00
+2.125000E-03,+2.877977686E+00
+2.127500E-03,+2.878104639E+00
+2.130000E-03,+2.878202295E+00
+2.132500E-03,+2.878260889E+00
+2.135000E-03,+2.878309717E+00
+2.137500E-03,+2.878436670E+00
+2.140000E-03,+2.878534327E+00
+2.142500E-03,+2.878553858E+00
+2.145000E-03,+2.878573389E+00
+2.147500E-03,+2.878612452E+00
+2.150000E-03,+2.878700342E+00
+2.152500E-03,+2.878690577E+00
+2.155000E-03,+2.878631983E+00
+2.157500E-03,+2.878651514E+00
+2.160000E-03,+2.878671045E+00
+2.162500E-03,+2.878680811E+00
+2.165000E-03,+2.878651514E+00
+2.167500E-03,+2.878641748E+00
+2.170000E-03,+2.878719873E+00
+2.172500E-03,+2.878700342E+00
+2.175000E-03,+2.878671045E+00
+2.177500E-03,+2.878680811E+00
+2.180000E-03,+2.878651514E+00
+2.182500E-03,+2.878612452E+00
+2.185000E-03,+2.878563623E+00
+2.187500E-03,+2.878534327E+00
+2.190000E-03,+2.878475733E+00
+2.192500E-03,+2.878456202E+00
+2.195000E-03,+2.878456202E+00
+2.197500E-03,+2.878417139E+00
+2.200000E-03,+2.878397608E+00
+2.202500E-03,+2.878329248E+00
+2.205000E-03,+2.878299952E+00
+2.207500E-03,+2.878163233E+00
+2.210000E-03,+2.878104639E+00
+2.212500E-03,+2.877987452E+00
+2.215000E-03,+2.877850733E+00
+2.217500E-03,+2.877782373E+00
+2.220000E-03,+2.877753077E+00
+2.222500E-03,+2.877714014E+00
+2.225000E-03,+2.877714014E+00
+2.227500E-03,+2.877684717E+00
+2.230000E-03,+2.877606592E+00
+2.232500E-03,+2.877528467E+00
+2.235000E-03,+2.877421045E+00
+2.237500E-03,+2.877294092E+00
+2.240000E-03,+2.877196436E+00
+2.242500E-03,+2.877098780E+00
+2.245000E-03,+2.876952295E+00
+2.247500E-03,+2.876922998E+00
+2.250000E-03,+2.876844873E+00
+2.252500E-03,+2.876776514E+00
+2.255000E-03,+2.876669092E+00
+2.257500E-03,+2.876542139E+00
+2.260000E-03,+2.876454248E+00
+2.262500E-03,+2.876405420E+00
+2.265000E-03,+2.876307764E+00
+2.267500E-03,+2.876239405E+00
+2.270000E-03,+2.876083155E+00
+2.272500E-03,+2.875975733E+00
+2.275000E-03,+2.875868311E+00
+2.277500E-03,+2.875829248E+00
+2.280000E-03,+2.875692530E+00
+2.282500E-03,+2.875536280E+00
+2.285000E-03,+2.875419092E+00
+2.287500E-03,+2.875360498E+00
+2.290000E-03,+2.875311670E+00
+2.292500E-03,+2.875233545E+00
+2.295000E-03,+2.875165186E+00
+2.297500E-03,+2.875077295E+00
+2.300000E-03,+2.874999170E+00
+2.302500E-03,+2.874901514E+00
+2.305000E-03,+2.874872217E+00
+2.307500E-03,+2.874784327E+00
+2.310000E-03,+2.874706202E+00
+2.312500E-03,+2.874608545E+00
+2.315000E-03,+2.874530420E+00
+2.317500E-03,+2.874422999E+00
+2.320000E-03,+2.874305811E+00
+2.322500E-03,+2.874217920E+00
+2.325000E-03,+2.874208155E+00
+2.327500E-03,+2.874159327E+00
+2.330000E-03,+2.874149561E+00
+2.332500E-03,+2.874061670E+00
+2.335000E-03,+2.873915186E+00
+2.337500E-03,+2.873895655E+00
+2.340000E-03,+2.873739405E+00
+2.342500E-03,+2.873758936E+00
+2.345000E-03,+2.873719874E+00
+2.347500E-03,+2.873680811E+00
+2.350000E-03,+2.873690577E+00
+2.352500E-03,+2.873651514E+00
+2.355000E-03,+2.873573389E+00
+2.357500E-03,+2.873426905E+00
+2.360000E-03,+2.873329249E+00
+2.362500E-03,+2.873221827E+00
+2.365000E-03,+2.873133936E+00
+2.367500E-03,+2.872987452E+00
+2.370000E-03,+2.872919092E+00
+2.372500E-03,+2.872831202E+00
+2.375000E-03,+2.872762842E+00
+2.377500E-03,+2.872674952E+00
+2.380000E-03,+2.872655420E+00
+2.382500E-03,+2.872626124E+00
+2.385000E-03,+2.872499170E+00
+2.387500E-03,+2.872469874E+00
+2.390000E-03,+2.872469874E+00
+2.392500E-03,+2.872489405E+00
+2.395000E-03,+2.872508936E+00
+2.397500E-03,+2.872518702E+00
+2.400000E-03,+2.872528467E+00
+2.402500E-03,+2.872450342E+00
+2.405000E-03,+2.872372217E+00
+2.407500E-03,+2.872372217E+00
+2.410000E-03,+2.872372217E+00
+2.412500E-03,+2.872323389E+00
+2.415000E-03,+2.872333155E+00
+2.417500E-03,+2.872294092E+00
+2.420000E-03,+2.872225733E+00
+2.422500E-03,+2.872186670E+00
+2.425000E-03,+2.872098780E+00
+2.427500E-03,+2.872069483E+00
+2.430000E-03,+2.871962061E+00
+2.432500E-03,+2.871874170E+00
+2.435000E-03,+2.871874170E+00
+2.437500E-03,+2.871766749E+00
+2.440000E-03,+2.871698389E+00
+2.442500E-03,+2.871620264E+00
+2.445000E-03,+2.871522608E+00
+2.447500E-03,+2.871522608E+00
+2.450000E-03,+2.871454249E+00
+2.452500E-03,+2.871473780E+00
+2.455000E-03,+2.871493311E+00
+2.457500E-03,+2.871512842E+00
+2.460000E-03,+2.871483545E+00
+2.462500E-03,+2.871493311E+00
+2.465000E-03,+2.871571436E+00
+2.467500E-03,+2.871659327E+00
+2.470000E-03,+2.871630030E+00
+2.472500E-03,+2.871659327E+00
+2.475000E-03,+2.871620264E+00
+2.477500E-03,+2.871610499E+00
+2.480000E-03,+2.871571436E+00
+2.482500E-03,+2.871551905E+00
+2.485000E-03,+2.871532374E+00
+2.487500E-03,+2.871473780E+00
+2.490000E-03,+2.871493311E+00
+2.492500E-03,+2.871473780E+00
+2.495000E-03,+2.871415186E+00
+2.497500E-03,+2.871424952E+00
+2.500000E-03,+2.871434717E+00
+2.502500E-03,+2.871473780E+00
+2.505000E-03,+2.871561670E+00
+2.507500E-03,+2.871659327E+00
+2.510000E-03,+2.871747217E+00
+2.512500E-03,+2.871844874E+00
+2.515000E-03,+2.871903467E+00
+2.517500E-03,+2.871932764E+00
+2.520000E-03,+2.872069483E+00
+2.522500E-03,+2.872108545E+00
+2.525000E-03,+2.872167139E+00
+2.527500E-03,+2.872215967E+00
+2.530000E-03,+2.872274561E+00
+2.532500E-03,+2.872391749E+00
+2.535000E-03,+2.872528467E+00
+2.537500E-03,+2.872557764E+00
+2.540000E-03,+2.872577295E+00
+2.542500E-03,+2.872655420E+00
+2.545000E-03,+2.872753077E+00
+2.547500E-03,+2.872831202E+00
+2.550000E-03,+2.872889795E+00
+2.552500E-03,+2.873006983E+00
+2.555000E-03,+2.873085108E+00
+2.557500E-03,+2.873143702E+00
+2.560000E-03,+2.873221827E+00
+2.562500E-03,+2.873270655E+00
+2.565000E-03,+2.873339014E+00
+2.567500E-03,+2.873387842E+00
+2.570000E-03,+2.873524561E+00
+2.572500E-03,+2.873553858E+00
+2.575000E-03,+2.873553858E+00
+2.577500E-03,+2.873514795E+00
+2.580000E-03,+2.873553858E+00
+2.582500E-03,+2.873651514E+00
+2.585000E-03,+2.873710108E+00
+2.587500E-03,+2.873778467E+00
+2.590000E-03,+2.873827295E+00
+2.592500E-03,+2.873856592E+00
+2.595000E-03,+2.873924952E+00
+2.597500E-03,+2.873964014E+00
+2.600000E-03,+2.873993311E+00
+2.602500E-03,+2.874081202E+00
+2.605000E-03,+2.874100733E+00
+2.607500E-03,+2.874217920E+00
+2.610000E-03,+2.874276514E+00
+2.612500E-03,+2.874296045E+00
+2.615000E-03,+2.874335108E+00
+2.617500E-03,+2.874364405E+00
+2.620000E-03,+2.874354639E+00
+2.622500E-03,+2.874403467E+00
+2.625000E-03,+2.874520655E+00
+2.627500E-03,+2.874608545E+00
+2.630000E-03,+2.874706202E+00
+2.632500E-03,+2.874745264E+00
+2.635000E-03,+2.874823389E+00
+2.637500E-03,+2.874881983E+00
+2.640000E-03,+2.874930811E+00
+2.642500E-03,+2.874921045E+00
+2.645000E-03,+2.874989405E+00
+2.647500E-03,+2.875116358E+00
+2.650000E-03,+2.875165186E+00
+2.652500E-03,+2.875194483E+00
+2.655000E-03,+2.875243311E+00
+2.657500E-03,+2.875340967E+00
+2.660000E-03,+2.875389795E+00
+2.662500E-03,+2.875438623E+00
+2.665000E-03,+2.875467920E+00
+2.667500E-03,+2.875536280E+00
+2.670000E-03,+2.875653467E+00
+2.672500E-03,+2.875672998E+00
+2.675000E-03,+2.875760889E+00
+2.677500E-03,+2.875848780E+00
+2.680000E-03,+2.875868311E+00
+2.682500E-03,+2.875907373E+00
+2.685000E-03,+2.876005030E+00
+2.687500E-03,+2.876053858E+00
+2.690000E-03,+2.876083155E+00
+2.692500E-03,+2.876161280E+00
+2.695000E-03,+2.876161280E+00
+2.697500E-03,+2.876190577E+00
+2.700000E-03,+2.876249170E+00
+2.702500E-03,+2.876317530E+00
+2.705000E-03,+2.876434717E+00
+2.707500E-03,+2.876444483E+00
+2.710000E-03,+2.876561670E+00
+2.712500E-03,+2.876620264E+00
+2.715000E-03,+2.876649561E+00
+2.717500E-03,+2.876669092E+00
+2.720000E-03,+2.876678858E+00
+2.722500E-03,+2.876747217E+00
+2.725000E-03,+2.876756983E+00
+2.727500E-03,+2.876756983E+00
+2.730000E-03,+2.876825342E+00
+2.732500E-03,+2.876922998E+00
+2.735000E-03,+2.877020655E+00
+2.737500E-03,+2.877079248E+00
+2.740000E-03,+2.877128077E+00
+2.742500E-03,+2.877235498E+00
+2.745000E-03,+2.877264795E+00
+2.747500E-03,+2.877255030E+00
+2.750000E-03,+2.877264795E+00
+2.752500E-03,+2.877245264E+00
+2.755000E-03,+2.877186670E+00
+2.757500E-03,+2.877196436E+00
+2.760000E-03,+2.877255030E+00
+2.762500E-03,+2.877303858E+00
+2.765000E-03,+2.877352686E+00
+2.767500E-03,+2.877362452E+00
+2.770000E-03,+2.877372217E+00
+2.772500E-03,+2.877401514E+00
+2.775000E-03,+2.877421045E+00
+2.777500E-03,+2.877440577E+00
+2.780000E-03,+2.877469873E+00
+2.782500E-03,+2.877508936E+00
+2.785000E-03,+2.877577295E+00
+2.787500E-03,+2.877655420E+00
+2.790000E-03,+2.877733545E+00
+2.792500E-03,+2.877782373E+00
+2.795000E-03,+2.877723780E+00
+2.797500E-03,+2.877665186E+00
+2.800000E-03,+2.877596827E+00
+2.802500E-03,+2.877547998E+00
+2.805000E-03,+2.877450342E+00
+2.807500E-03,+2.877440577E+00
+2.810000E-03,+2.877381983E+00
+2.812500E-03,+2.877352686E+00
+2.815000E-03,+2.877264795E+00
+2.817500E-03,+2.877264795E+00
+2.820000E-03,+2.877245264E+00
+2.822500E-03,+2.877128077E+00
+2.825000E-03,+2.877020655E+00
+2.827500E-03,+2.876962061E+00
+2.830000E-03,+2.876913233E+00
+2.832500E-03,+2.876844873E+00
+2.835000E-03,+2.876796045E+00
+2.837500E-03,+2.876756983E+00
+2.840000E-03,+2.876698389E+00
+2.842500E-03,+2.876659327E+00
+2.845000E-03,+2.876610498E+00
+2.847500E-03,+2.876532373E+00
+2.850000E-03,+2.876366358E+00
+2.852500E-03,+2.876200342E+00
+2.855000E-03,+2.876024561E+00
+2.857500E-03,+2.875829248E+00
+2.860000E-03,+2.875663233E+00
+2.862500E-03,+2.875585108E+00
+2.865000E-03,+2.875506983E+00
+2.867500E-03,+2.875409327E+00
+2.870000E-03,+2.875331202E+00
+2.872500E-03,+2.875243311E+00
+2.875000E-03,+2.875145655E+00
+2.877500E-03,+2.875096827E+00
+2.880000E-03,+2.874979639E+00
+2.882500E-03,+2.874842920E+00
+2.885000E-03,+2.874764795E+00
+2.887500E-03,+2.874686670E+00
+2.890000E-03,+2.874579249E+00
+2.892500E-03,+2.874462061E+00
+2.895000E-03,+2.874354639E+00
+2.897500E-03,+2.874178858E+00
+2.900000E-03,+2.874042139E+00
+2.902500E-03,+2.873983545E+00
+2.905000E-03,+2.873817530E+00
+2.907500E-03,+2.873661280E+00
+2.910000E-03,+2.873514795E+00
+2.912500E-03,+2.873465967E+00
+2.915000E-03,+2.873505030E+00
+2.917500E-03,+2.873456202E+00
+2.920000E-03,+2.873329249E+00
+2.922500E-03,+2.873241358E+00
+2.925000E-03,+2.873163233E+00
+2.927500E-03,+2.873055811E+00
+2.930000E-03,+2.872919092E+00
+2.932500E-03,+2.872811670E+00
+2.935000E-03,+2.872743311E+00
+2.937500E-03,+2.872753077E+00
+2.940000E-03,+2.872723780E+00
+2.942500E-03,+2.872596827E+00
+2.945000E-03,+2.872635889E+00
+2.947500E-03,+2.872587061E+00
+2.950000E-03,+2.872567530E+00
+2.952500E-03,+2.872499170E+00
+2.955000E-03,+2.872499170E+00
+2.957500E-03,+2.872557764E+00
+2.960000E-03,+2.872547999E+00
+2.962500E-03,+2.872538233E+00
+2.965000E-03,+2.872460108E+00
+2.967500E-03,+2.872391749E+00
+2.970000E-03,+2.872294092E+00
+2.972500E-03,+2.872342920E+00
+2.975000E-03,+2.872333155E+00
+2.977500E-03,+2.872274561E+00
+2.980000E-03,+2.872245264E+00
+2.982500E-03,+2.872313624E+00
+2.985000E-03,+2.872284327E+00
+2.987500E-03,+2.872313624E+00
+2.990000E-03,+2.872313624E+00
+2.992500E-03,+2.872284327E+00
+2.995000E-03,+2.872255030E+00
+2.997500E-03,+2.872274561E+00
+3.000000E-03,+2.872245264E+00
+3.002500E-03,+2.872206202E+00
+3.005000E-03,+2.872167139E+00
+3.007500E-03,+2.872176905E+00
+3.010000E-03,+2.872206202E+00
+3.012500E-03,+2.872196436E+00
+3.015000E-03,+2.872215967E+00
+3.017500E-03,+2.872206202E+00
+3.020000E-03,+2.872284327E+00
+3.022500E-03,+2.872323389E+00
+3.025000E-03,+2.872313624E+00
+3.027500E-03,+2.872303858E+00
+3.030000E-03,+2.872235499E+00
+3.032500E-03,+2.872323389E+00
+3.035000E-03,+2.872342920E+00
+3.037500E-03,+2.872352686E+00
+3.040000E-03,+2.872381983E+00
+3.042500E-03,+2.872411280E+00
+3.045000E-03,+2.872528467E+00
+3.047500E-03,+2.872518702E+00
+3.050000E-03,+2.872538233E+00
+3.052500E-03,+2.872557764E+00
+3.055000E-03,+2.872616358E+00
+3.057500E-03,+2.872626124E+00
+3.060000E-03,+2.872733545E+00
+3.062500E-03,+2.872801905E+00
+3.065000E-03,+2.872889795E+00
+3.067500E-03,+2.872938624E+00
+3.070000E-03,+2.872899561E+00
+3.072500E-03,+2.872840967E+00
+3.075000E-03,+2.872811670E+00
+3.077500E-03,+2.872792139E+00
+3.080000E-03,+2.872801905E+00
+3.082500E-03,+2.872821436E+00
+3.085000E-03,+2.872811670E+00
+3.087500E-03,+2.872772608E+00
+3.090000E-03,+2.872782374E+00
+3.092500E-03,+2.872811670E+00
+3.095000E-03,+2.872850733E+00
+3.097500E-03,+2.872889795E+00
+3.100000E-03,+2.872938624E+00
+3.102500E-03,+2.872958155E+00
+3.105000E-03,+2.872938624E+00
+3.107500E-03,+2.872938624E+00
+3.110000E-03,+2.872967920E+00
+3.112500E-03,+2.872967920E+00
+3.115000E-03,+2.872967920E+00
+3.117500E-03,+2.873006983E+00
+3.120000E-03,+2.873046045E+00
+3.122500E-03,+2.873124170E+00
+3.125000E-03,+2.873124170E+00
+3.127500E-03,+2.873114405E+00
+3.130000E-03,+2.873124170E+00
+3.132500E-03,+2.873094874E+00
+3.135000E-03,+2.873075342E+00
+3.137500E-03,+2.873016749E+00
+3.140000E-03,+2.873046045E+00
+3.142500E-03,+2.873124170E+00
+3.145000E-03,+2.873143702E+00
+3.147500E-03,+2.873202295E+00
+3.150000E-03,+2.873212061E+00
+3.152500E-03,+2.873212061E+00
+3.155000E-03,+2.873202295E+00
+3.157500E-03,+2.873172999E+00
+3.160000E-03,+2.873143702E+00
+3.162500E-03,+2.873163233E+00
+3.165000E-03,+2.873212061E+00
+3.167500E-03,+2.873290186E+00
+3.170000E-03,+2.873348780E+00
+3.172500E-03,+2.873446436E+00
+3.175000E-03,+2.873446436E+00
+3.177500E-03,+2.873436670E+00
+3.180000E-03,+2.873387842E+00
+3.182500E-03,+2.873407374E+00
+3.185000E-03,+2.873378077E+00
+3.187500E-03,+2.873387842E+00
+3.190000E-03,+2.873426905E+00
+3.192500E-03,+2.873475733E+00
+3.195000E-03,+2.873534327E+00
+3.197500E-03,+2.873573389E+00
+3.200000E-03,+2.873534327E+00
+3.202500E-03,+2.873671045E+00
+3.205000E-03,+2.873778467E+00
+3.207500E-03,+2.873856592E+00
+3.210000E-03,+2.873915186E+00
+3.212500E-03,+2.873993311E+00
+3.215000E-03,+2.874178858E+00
+3.217500E-03,+2.874305811E+00
+3.220000E-03,+2.874344874E+00
+3.222500E-03,+2.874452295E+00
+3.225000E-03,+2.874422999E+00
+3.227500E-03,+2.874403467E+00
+3.230000E-03,+2.874383936E+00
+3.232500E-03,+2.874432764E+00
+3.235000E-03,+2.874520655E+00
+3.237500E-03,+2.874598780E+00
+3.240000E-03,+2.874667139E+00
+3.242500E-03,+2.874764795E+00
+3.245000E-03,+2.874862452E+00
+3.247500E-03,+2.874969874E+00
+3.250000E-03,+2.875096827E+00
+3.252500E-03,+2.875174952E+00
+3.255000E-03,+2.875272608E+00
+3.257500E-03,+2.875282373E+00
+3.260000E-03,+2.875360498E+00
+3.262500E-03,+2.875428858E+00
+3.265000E-03,+2.875448389E+00
+3.267500E-03,+2.875555811E+00
+3.270000E-03,+2.875604639E+00
+3.272500E-03,+2.875702295E+00
+3.275000E-03,+2.875799952E+00
+3.277500E-03,+2.875907373E+00
+3.280000E-03,+2.875897608E+00
+3.282500E-03,+2.875878077E+00
+3.285000E-03,+2.875956202E+00
+3.287500E-03,+2.876034327E+00
+3.290000E-03,+2.876083155E+00
+3.292500E-03,+2.876151514E+00
+3.295000E-03,+2.876210108E+00
+3.297500E-03,+2.876297998E+00
+3.300000E-03,+2.876356592E+00
+3.302500E-03,+2.876415186E+00
+3.305000E-03,+2.876503077E+00
+3.307500E-03,+2.876590967E+00
+3.310000E-03,+2.876600733E+00
+3.312500E-03,+2.876698389E+00
+3.315000E-03,+2.876756983E+00
+3.317500E-03,+2.876825342E+00
+3.320000E-03,+2.876864405E+00
+3.322500E-03,+2.876942530E+00
+3.325000E-03,+2.877040186E+00
+3.327500E-03,+2.877010889E+00
+3.330000E-03,+2.877040186E+00
+3.332500E-03,+2.877069483E+00
+3.335000E-03,+2.877079248E+00
+3.337500E-03,+2.877089014E+00
+3.340000E-03,+2.877049952E+00
+3.342500E-03,+2.877020655E+00
+3.345000E-03,+2.877030420E+00
+3.347500E-03,+2.877059717E+00
+3.350000E-03,+2.877040186E+00
+3.352500E-03,+2.876952295E+00
+3.355000E-03,+2.876971827E+00
+3.357500E-03,+2.876913233E+00
+3.360000E-03,+2.876942530E+00
+3.362500E-03,+2.876932764E+00
+3.365000E-03,+2.876883936E+00
+3.367500E-03,+2.876883936E+00
+3.370000E-03,+2.876844873E+00
+3.372500E-03,+2.876805811E+00
+3.375000E-03,+2.876815577E+00
+3.377500E-03,+2.876854639E+00
+3.380000E-03,+2.876815577E+00
+3.382500E-03,+2.876737452E+00
+3.385000E-03,+2.876766748E+00
+3.387500E-03,+2.876766748E+00
+3.390000E-03,+2.876717920E+00
+3.392500E-03,+2.876688623E+00
+3.395000E-03,+2.876649561E+00
+3.397500E-03,+2.876659327E+00
+3.400000E-03,+2.876600733E+00
+3.402500E-03,+2.876503077E+00
+3.405000E-03,+2.876473780E+00
+3.407500E-03,+2.876376123E+00
+3.410000E-03,+2.876307764E+00
+3.412500E-03,+2.876249170E+00
+3.415000E-03,+2.876141748E+00
+3.417500E-03,+2.876122217E+00
+3.420000E-03,+2.876044092E+00
+3.422500E-03,+2.876014795E+00
+3.425000E-03,+2.875995264E+00
+3.427500E-03,+2.875897608E+00
+3.430000E-03,+2.875858545E+00
+3.432500E-03,+2.875760889E+00
+3.435000E-03,+2.875712061E+00
+3.437500E-03,+2.875565577E+00
+3.440000E-03,+2.875428858E+00
+3.442500E-03,+2.875350733E+00
+3.445000E-03,+2.875331202E+00
+3.447500E-03,+2.875204248E+00
+3.450000E-03,+2.875096827E+00
+3.452500E-03,+2.874999170E+00
+3.455000E-03,+2.874940577E+00
+3.457500E-03,+2.874852686E+00
+3.460000E-03,+2.874813624E+00
+3.462500E-03,+2.874715967E+00
+3.465000E-03,+2.874598780E+00
+3.467500E-03,+2.874520655E+00
+3.470000E-03,+2.874462061E+00
+3.472500E-03,+2.874374170E+00
+3.475000E-03,+2.874305811E+00
+3.477500E-03,+2.874217920E+00
+3.480000E-03,+2.874139795E+00
+3.482500E-03,+2.874022608E+00
+3.485000E-03,+2.873915186E+00
+3.487500E-03,+2.873749170E+00
+3.490000E-03,+2.873661280E+00
+3.492500E-03,+2.873612452E+00
+3.495000E-03,+2.873583155E+00
+3.497500E-03,+2.873505030E+00
+3.500000E-03,+2.873544092E+00
+3.502500E-03,+2.873495264E+00
+3.505000E-03,+2.873368311E+00
+3.507500E-03,+2.873290186E+00
+3.510000E-03,+2.873202295E+00
+3.512500E-03,+2.873172999E+00
+3.515000E-03,+2.873153467E+00
+3.517500E-03,+2.873065577E+00
+3.520000E-03,+2.872977686E+00
+3.522500E-03,+2.872977686E+00
+3.525000E-03,+2.872958155E+00
+3.527500E-03,+2.872958155E+00
+3.530000E-03,+2.872880030E+00
+3.532500E-03,+2.872792139E+00
+3.535000E-03,+2.872782374E+00
+3.537500E-03,+2.872772608E+00
+3.540000E-03,+2.872704249E+00
+3.542500E-03,+2.872694483E+00
+3.545000E-03,+2.872684717E+00
+3.547500E-03,+2.872655420E+00
+3.550000E-03,+2.872674952E+00
+3.552500E-03,+2.872626124E+00
+3.555000E-03,+2.872587061E+00
+3.557500E-03,+2.872635889E+00
+3.560000E-03,+2.872655420E+00
+3.562500E-03,+2.872587061E+00
+3.565000E-03,+2.872499170E+00
+3.567500E-03,+2.872430811E+00
+3.570000E-03,+2.872401514E+00
+3.572500E-03,+2.872430811E+00
+3.575000E-03,+2.872460108E+00
+3.577500E-03,+2.872450342E+00
+3.580000E-03,+2.872479639E+00
+3.582500E-03,+2.872528467E+00
+3.585000E-03,+2.872499170E+00
+3.587500E-03,+2.872518702E+00
+3.590000E-03,+2.872547999E+00
+3.592500E-03,+2.872518702E+00
+3.595000E-03,+2.872489405E+00
+3.597500E-03,+2.872499170E+00
+3.600000E-03,+2.872528467E+00
+3.602500E-03,+2.872557764E+00
+3.605000E-03,+2.872538233E+00
+3.607500E-03,+2.872528467E+00
+3.610000E-03,+2.872547999E+00
+3.612500E-03,+2.872557764E+00
+3.615000E-03,+2.872587061E+00
+3.617500E-03,+2.872596827E+00
+3.620000E-03,+2.872655420E+00
+3.622500E-03,+2.872704249E+00
+3.625000E-03,+2.872723780E+00
+3.627500E-03,+2.872782374E+00
+3.630000E-03,+2.872733545E+00
+3.632500E-03,+2.872704249E+00
+3.635000E-03,+2.872762842E+00
+3.637500E-03,+2.872792139E+00
+3.640000E-03,+2.872840967E+00
+3.642500E-03,+2.872782374E+00
+3.645000E-03,+2.872772608E+00
+3.647500E-03,+2.872762842E+00
+3.650000E-03,+2.872850733E+00
+3.652500E-03,+2.872870264E+00
+3.655000E-03,+2.872860499E+00
+3.657500E-03,+2.872899561E+00
+3.660000E-03,+2.872889795E+00
+3.662500E-03,+2.872909327E+00
+3.665000E-03,+2.872928858E+00
+3.667500E-03,+2.873006983E+00
+3.670000E-03,+2.873006983E+00
+3.672500E-03,+2.872987452E+00
+3.675000E-03,+2.872987452E+00
+3.677500E-03,+2.873065577E+00
+3.680000E-03,+2.873182764E+00
+3.682500E-03,+2.873251124E+00
+3.685000E-03,+2.873182764E+00
+3.687500E-03,+2.873221827E+00
+3.690000E-03,+2.873172999E+00
+3.692500E-03,+2.873104639E+00
+3.695000E-03,+2.873094874E+00
+3.697500E-03,+2.873026514E+00
+3.700000E-03,+2.873046045E+00
+3.702500E-03,+2.873124170E+00
+3.705000E-03,+2.873182764E+00
+3.707500E-03,+2.873231592E+00
+3.710000E-03,+2.873221827E+00
+3.712500E-03,+2.873280420E+00
+3.715000E-03,+2.873299952E+00
+3.717500E-03,+2.873290186E+00
+3.720000E-03,+2.873260889E+00
+3.722500E-03,+2.873309717E+00
+3.725000E-03,+2.873319483E+00
+3.727500E-03,+2.873417139E+00
+3.730000E-03,+2.873417139E+00
+3.732500E-03,+2.873397608E+00
+3.735000E-03,+2.873465967E+00
+3.737500E-03,+2.873514795E+00
+3.740000E-03,+2.873553858E+00
+3.742500E-03,+2.873544092E+00
+3.745000E-03,+2.873612452E+00
+3.747500E-03,+2.873612452E+00
+3.750000E-03,+2.873671045E+00
+3.752500E-03,+2.873719874E+00
+3.755000E-03,+2.873729639E+00
+3.757500E-03,+2.873710108E+00
+3.760000E-03,+2.873778467E+00
+3.762500E-03,+2.873749170E+00
+3.765000E-03,+2.873778467E+00
+3.767500E-03,+2.873758936E+00
+3.770000E-03,+2.873807764E+00
+3.772500E-03,+2.873797999E+00
+3.775000E-03,+2.873827295E+00
+3.777500E-03,+2.873876124E+00
+3.780000E-03,+2.873895655E+00
+3.782500E-03,+2.873866358E+00
+3.785000E-03,+2.873876124E+00
+3.787500E-03,+2.873797999E+00
+3.790000E-03,+2.873797999E+00
+3.792500E-03,+2.873866358E+00
+3.795000E-03,+2.873866358E+00
+3.797500E-03,+2.873915186E+00
+3.800000E-03,+2.873964014E+00
+3.802500E-03,+2.874090967E+00
+3.805000E-03,+2.874159327E+00
+3.807500E-03,+2.874237452E+00
+3.810000E-03,+2.874315577E+00
+3.812500E-03,+2.874325342E+00
+3.815000E-03,+2.874383936E+00
+3.817500E-03,+2.874540186E+00
+3.820000E-03,+2.874589014E+00
+3.822500E-03,+2.874637842E+00
+3.825000E-03,+2.874735499E+00
+3.827500E-03,+2.874891749E+00
+3.830000E-03,+2.874989405E+00
+3.832500E-03,+2.875038233E+00
+3.835000E-03,+2.874979639E+00
+3.837500E-03,+2.874989405E+00
+3.840000E-03,+2.875057764E+00
+3.842500E-03,+2.875145655E+00
+3.845000E-03,+2.875135889E+00
+3.847500E-03,+2.875253077E+00
+3.850000E-03,+2.875409327E+00
+3.852500E-03,+2.875448389E+00
+3.855000E-03,+2.875477686E+00
+3.857500E-03,+2.875526514E+00
+3.860000E-03,+2.875516748E+00
+3.862500E-03,+2.875555811E+00
+3.865000E-03,+2.875594873E+00
+3.867500E-03,+2.875653467E+00
+3.870000E-03,+2.875712061E+00
+3.872500E-03,+2.875751123E+00
+3.875000E-03,+2.875848780E+00
+3.877500E-03,+2.875936670E+00
+3.880000E-03,+2.876063623E+00
+3.882500E-03,+2.876122217E+00
+3.885000E-03,+2.876200342E+00
+3.887500E-03,+2.876297998E+00
+3.890000E-03,+2.876278467E+00
+3.892500E-03,+2.876337061E+00
+3.895000E-03,+2.876366358E+00
+3.897500E-03,+2.876385889E+00
+3.900000E-03,+2.876493311E+00
+3.902500E-03,+2.876493311E+00
+3.905000E-03,+2.876551905E+00
+3.907500E-03,+2.876600733E+00
+3.910000E-03,+2.876600733E+00
+3.912500E-03,+2.876551905E+00
+3.915000E-03,+2.876532373E+00
+3.917500E-03,+2.876493311E+00
+3.920000E-03,+2.876464014E+00
+3.922500E-03,+2.876444483E+00
+3.925000E-03,+2.876473780E+00
+3.927500E-03,+2.876503077E+00
+3.930000E-03,+2.876581202E+00
+3.932500E-03,+2.876581202E+00
+3.935000E-03,+2.876571436E+00
+3.937500E-03,+2.876620264E+00
+3.940000E-03,+2.876610498E+00
+3.942500E-03,+2.876590967E+00
+3.945000E-03,+2.876522608E+00
+3.947500E-03,+2.876581202E+00
+3.950000E-03,+2.876590967E+00
+3.952500E-03,+2.876512842E+00
+3.955000E-03,+2.876405420E+00
+3.957500E-03,+2.876385889E+00
+3.960000E-03,+2.876366358E+00
+3.962500E-03,+2.876327295E+00
+3.965000E-03,+2.876249170E+00
+3.967500E-03,+2.876258936E+00
+3.970000E-03,+2.876219873E+00
+3.972500E-03,+2.876219873E+00
+3.975000E-03,+2.876102686E+00
+3.977500E-03,+2.876024561E+00
+3.980000E-03,+2.875975733E+00
+3.982500E-03,+2.875878077E+00
+3.985000E-03,+2.875770655E+00
+3.987500E-03,+2.875633936E+00
+3.990000E-03,+2.875546045E+00
+3.992500E-03,+2.875487452E+00
+3.995000E-03,+2.875389795E+00
+3.997500E-03,+2.875350733E+00
+4.000000E-03,+2.875321436E+00
+4.002500E-03,+2.875350733E+00
+4.005000E-03,+2.875311670E+00
+4.007500E-03,+2.875204248E+00
+4.010000E-03,+2.875135889E+00
+4.012500E-03,+2.875106592E+00
+4.015000E-03,+2.875047999E+00
+4.017500E-03,+2.874999170E+00
+4.020000E-03,+2.874960108E+00
+4.022500E-03,+2.874950342E+00
+4.025000E-03,+2.874979639E+00
+4.027500E-03,+2.874872217E+00
+4.030000E-03,+2.874813624E+00
+4.032500E-03,+2.874784327E+00
+4.035000E-03,+2.874755030E+00
+4.037500E-03,+2.874725733E+00
+4.040000E-03,+2.874735499E+00
+4.042500E-03,+2.874706202E+00
+4.045000E-03,+2.874686670E+00
+4.047500E-03,+2.874647608E+00
+4.050000E-03,+2.874608545E+00
+4.052500E-03,+2.874569483E+00
+4.055000E-03,+2.874540186E+00
+4.057500E-03,+2.874608545E+00
+4.060000E-03,+2.874637842E+00
+4.062500E-03,+2.874549952E+00
+4.065000E-03,+2.874471827E+00
+4.067500E-03,+2.874383936E+00
+4.070000E-03,+2.874296045E+00
+4.072500E-03,+2.874296045E+00
+4.075000E-03,+2.874208155E+00
+4.077500E-03,+2.874071436E+00
+4.080000E-03,+2.874022608E+00
+4.082500E-03,+2.874022608E+00
+4.085000E-03,+2.873964014E+00
+4.087500E-03,+2.873837061E+00
+4.090000E-03,+2.873690577E+00
+4.092500E-03,+2.873563624E+00
+4.095000E-03,+2.873465967E+00
+4.097500E-03,+2.873436670E+00
+4.100000E-03,+2.873436670E+00
+4.102500E-03,+2.873378077E+00
+4.105000E-03,+2.873339014E+00
+4.107500E-03,+2.873280420E+00
+4.110000E-03,+2.873260889E+00
+4.112500E-03,+2.873251124E+00
+4.115000E-03,+2.873270655E+00
+4.117500E-03,+2.873329249E+00
+4.120000E-03,+2.873260889E+00
+4.122500E-03,+2.873202295E+00
+4.125000E-03,+2.873270655E+00
+4.127500E-03,+2.873251124E+00
+4.130000E-03,+2.873251124E+00
+4.132500E-03,+2.873202295E+00
+4.135000E-03,+2.873153467E+00
+4.137500E-03,+2.873133936E+00
+4.140000E-03,+2.873104639E+00
+4.142500E-03,+2.873046045E+00
+4.145000E-03,+2.873046045E+00
+4.147500E-03,+2.873124170E+00
+4.150000E-03,+2.873133936E+00
+4.152500E-03,+2.873065577E+00
+4.155000E-03,+2.872987452E+00
+4.157500E-03,+2.872948389E+00
+4.160000E-03,+2.873006983E+00
+4.162500E-03,+2.872987452E+00
+4.165000E-03,+2.872948389E+00
+4.167500E-03,+2.872987452E+00
+4.170000E-03,+2.872997217E+00
+4.172500E-03,+2.872987452E+00
+4.175000E-03,+2.872958155E+00
+4.177500E-03,+2.872899561E+00
+4.180000E-03,+2.872889795E+00
+4.182500E-03,+2.872909327E+00
+4.185000E-03,+2.872938624E+00
+4.187500E-03,+2.872919092E+00
+4.190000E-03,+2.873006983E+00
+4.192500E-03,+2.873055811E+00
+4.195000E-03,+2.873006983E+00
+4.197500E-03,+2.873075342E+00
+4.200000E-03,+2.873046045E+00
+4.202500E-03,+2.873016749E+00
+4.205000E-03,+2.873085108E+00
+4.207500E-03,+2.873016749E+00
+4.210000E-03,+2.872987452E+00
+4.212500E-03,+2.873094874E+00
+4.215000E-03,+2.873143702E+00
+4.217500E-03,+2.873202295E+00
+4.220000E-03,+2.873280420E+00
+4.222500E-03,+2.873319483E+00
+4.225000E-03,+2.873339014E+00
+4.227500E-03,+2.873387842E+00
+4.230000E-03,+2.873329249E+00
+4.232500E-03,+2.873280420E+00
+4.235000E-03,+2.873260889E+00
+4.237500E-03,+2.873290186E+00
+4.240000E-03,+2.873231592E+00
+4.242500E-03,+2.873260889E+00
+4.245000E-03,+2.873251124E+00
+4.247500E-03,+2.873202295E+00
+4.250000E-03,+2.873104639E+00
+4.252500E-03,+2.873094874E+00
+4.255000E-03,+2.873075342E+00
+4.257500E-03,+2.873124170E+00
+4.260000E-03,+2.873163233E+00
+4.262500E-03,+2.873163233E+00
+4.265000E-03,+2.873143702E+00
+4.267500E-03,+2.873212061E+00
+4.270000E-03,+2.873270655E+00
+4.272500E-03,+2.873270655E+00
+4.275000E-03,+2.873299952E+00
+4.277500E-03,+2.873290186E+00
+4.280000E-03,+2.873260889E+00
+4.282500E-03,+2.873260889E+00
+4.285000E-03,+2.873309717E+00
+4.287500E-03,+2.873339014E+00
+4.290000E-03,+2.873407374E+00
+4.292500E-03,+2.873436670E+00
+4.295000E-03,+2.873407374E+00
+4.297500E-03,+2.873446436E+00
+4.300000E-03,+2.873465967E+00
+4.302500E-03,+2.873514795E+00
+4.305000E-03,+2.873573389E+00
+4.307500E-03,+2.873612452E+00
+4.310000E-03,+2.873680811E+00
+4.312500E-03,+2.873739405E+00
+4.315000E-03,+2.873739405E+00
+4.317500E-03,+2.873749170E+00
+4.320000E-03,+2.873739405E+00
+4.322500E-03,+2.873710108E+00
+4.325000E-03,+2.873690577E+00
+4.327500E-03,+2.873680811E+00
+4.330000E-03,+2.873719874E+00
+4.332500E-03,+2.873788233E+00
+4.335000E-03,+2.873856592E+00
+4.337500E-03,+2.873915186E+00
+4.340000E-03,+2.873944483E+00
+4.342500E-03,+2.873944483E+00
+4.345000E-03,+2.873924952E+00
+4.347500E-03,+2.873924952E+00
+4.350000E-03,+2.873964014E+00
+4.352500E-03,+2.873954249E+00
+4.355000E-03,+2.873944483E+00
+4.357500E-03,+2.873973780E+00
+4.360000E-03,+2.874071436E+00
+4.362500E-03,+2.874149561E+00
+4.365000E-03,+2.874100733E+00
+4.367500E-03,+2.874081202E+00
+4.370000E-03,+2.874130030E+00
+4.372500E-03,+2.874159327E+00
+4.375000E-03,+2.874198389E+00
+4.377500E-03,+2.874266749E+00
+4.380000E-03,+2.874315577E+00
+4.382500E-03,+2.874471827E+00
+4.385000E-03,+2.874589014E+00
+4.387500E-03,+2.874579249E+00
+4.390000E-03,+2.874647608E+00
+4.392500E-03,+2.874686670E+00
+4.395000E-03,+2.874657374E+00
+4.397500E-03,+2.874755030E+00
+4.400000E-03,+2.874755030E+00
+4.402500E-03,+2.874813624E+00
+4.405000E-03,+2.874842920E+00
+4.407500E-03,+2.874891749E+00
+4.410000E-03,+2.874911280E+00
+4.412500E-03,+2.874969874E+00
+4.415000E-03,+2.875008936E+00
+4.417500E-03,+2.875106592E+00
+4.420000E-03,+2.875145655E+00
+4.422500E-03,+2.875253077E+00
+4.425000E-03,+2.875301905E+00
+4.427500E-03,+2.875331202E+00
+4.430000E-03,+2.875399561E+00
+4.432500E-03,+2.875487452E+00
+4.435000E-03,+2.875565577E+00
+4.437500E-03,+2.875546045E+00
+4.440000E-03,+2.875555811E+00
+4.442500E-03,+2.875585108E+00
+4.445000E-03,+2.875633936E+00
+4.447500E-03,+2.875643702E+00
+4.450000E-03,+2.875672998E+00
+4.452500E-03,+2.875604639E+00
+4.455000E-03,+2.875624170E+00
+4.457500E-03,+2.875594873E+00
+4.460000E-03,+2.875585108E+00
+4.462500E-03,+2.875555811E+00
+4.465000E-03,+2.875614405E+00
+4.467500E-03,+2.875672998E+00
+4.470000E-03,+2.875731592E+00
+4.472500E-03,+2.875751123E+00
+4.475000E-03,+2.875799952E+00
+4.477500E-03,+2.875897608E+00
+4.480000E-03,+2.875946436E+00
+4.482500E-03,+2.875868311E+00
+4.485000E-03,+2.875907373E+00
+4.487500E-03,+2.875995264E+00
+4.490000E-03,+2.876063623E+00
+4.492500E-03,+2.876161280E+00
+4.495000E-03,+2.876210108E+00
+4.497500E-03,+2.876258936E+00
+4.500000E-03,+2.876307764E+00
+4.502500E-03,+2.876288233E+00
+4.505000E-03,+2.876288233E+00
+4.507500E-03,+2.876288233E+00
+4.510000E-03,+2.876278467E+00
+4.512500E-03,+2.876288233E+00
+4.515000E-03,+2.876239405E+00
+4.517500E-03,+2.876249170E+00
+4.520000E-03,+2.876268702E+00
+4.522500E-03,+2.876258936E+00
+4.525000E-03,+2.876278467E+00
+4.527500E-03,+2.876239405E+00
+4.530000E-03,+2.876268702E+00
+4.532500E-03,+2.876346827E+00
+4.535000E-03,+2.876337061E+00
+4.537500E-03,+2.876356592E+00
+4.540000E-03,+2.876327295E+00
+4.542500E-03,+2.876278467E+00
+4.545000E-03,+2.876249170E+00
+4.547500E-03,+2.876219873E+00
+4.550000E-03,+2.876190577E+00
+4.552500E-03,+2.876180811E+00
+4.555000E-03,+2.876180811E+00
+4.557500E-03,+2.876151514E+00
+4.560000E-03,+2.876112452E+00
+4.562500E-03,+2.876102686E+00
+4.565000E-03,+2.876014795E+00
+4.567500E-03,+2.875897608E+00
+4.570000E-03,+2.875839014E+00
+4.572500E-03,+2.875829248E+00
+4.575000E-03,+2.875809717E+00
+4.577500E-03,+2.875731592E+00
+4.580000E-03,+2.875653467E+00
+4.582500E-03,+2.875594873E+00
+4.585000E-03,+2.875555811E+00
+4.587500E-03,+2.875487452E+00
+4.590000E-03,+2.875487452E+00
+4.592500E-03,+2.875419092E+00
+4.595000E-03,+2.875419092E+00
+4.597500E-03,+2.875380030E+00
+4.600000E-03,+2.875292139E+00
+4.602500E-03,+2.875243311E+00
+4.605000E-03,+2.875214014E+00
+4.607500E-03,+2.875165186E+00
+4.610000E-03,+2.875135889E+00
+4.612500E-03,+2.875047999E+00
+4.615000E-03,+2.875028467E+00
+4.617500E-03,+2.875028467E+00
+4.620000E-03,+2.874872217E+00
+4.622500E-03,+2.874745264E+00
+4.625000E-03,+2.874647608E+00
+4.627500E-03,+2.874569483E+00
+4.630000E-03,+2.874510889E+00
+4.632500E-03,+2.874520655E+00
+4.635000E-03,+2.874481592E+00
+4.637500E-03,+2.874530420E+00
+4.640000E-03,+2.874501124E+00
+4.642500E-03,+2.874540186E+00
+4.645000E-03,+2.874383936E+00
+4.647500E-03,+2.874315577E+00
+4.650000E-03,+2.874276514E+00
+4.652500E-03,+2.874227686E+00
+4.655000E-03,+2.874188624E+00
+4.657500E-03,+2.874198389E+00
+4.660000E-03,+2.874169092E+00
+4.662500E-03,+2.874159327E+00
+4.665000E-03,+2.874130030E+00
+4.667500E-03,+2.874081202E+00
+4.670000E-03,+2.874051905E+00
+4.672500E-03,+2.873885889E+00
+4.675000E-03,+2.873807764E+00
+4.677500E-03,+2.873758936E+00
+4.680000E-03,+2.873700342E+00
+4.682500E-03,+2.873622217E+00
+4.685000E-03,+2.873631983E+00
+4.687500E-03,+2.873680811E+00
+4.690000E-03,+2.873661280E+00
+4.692500E-03,+2.873631983E+00
+4.695000E-03,+2.873641749E+00
+4.697500E-03,+2.873583155E+00
+4.700000E-03,+2.873524561E+00
+4.702500E-03,+2.873495264E+00
+4.705000E-03,+2.873475733E+00
+4.707500E-03,+2.873485499E+00
+4.710000E-03,+2.873407374E+00
+4.712500E-03,+2.873309717E+00
+4.715000E-03,+2.873260889E+00
+4.717500E-03,+2.873270655E+00
+4.720000E-03,+2.873221827E+00
+4.722500E-03,+2.873124170E+00
+4.725000E-03,+2.873114405E+00
+4.727500E-03,+2.873055811E+00
+4.730000E-03,+2.873026514E+00
+4.732500E-03,+2.873016749E+00
+4.735000E-03,+2.872997217E+00
+4.737500E-03,+2.872997217E+00
+4.740000E-03,+2.873036280E+00
+4.742500E-03,+2.873036280E+00
+4.745000E-03,+2.873016749E+00
+4.747500E-03,+2.872987452E+00
+4.750000E-03,+2.873026514E+00
+4.752500E-03,+2.873026514E+00
+4.755000E-03,+2.873085108E+00
+4.757500E-03,+2.873114405E+00
+4.760000E-03,+2.873104639E+00
+4.762500E-03,+2.873133936E+00
+4.765000E-03,+2.873182764E+00
+4.767500E-03,+2.873163233E+00
+4.770000E-03,+2.873133936E+00
+4.772500E-03,+2.873104639E+00
+4.775000E-03,+2.873075342E+00
+4.777500E-03,+2.873104639E+00
+4.780000E-03,+2.873104639E+00
+4.782500E-03,+2.873085108E+00
+4.785000E-03,+2.873094874E+00
+4.787500E-03,+2.873143702E+00
+4.790000E-03,+2.873202295E+00
+4.792500E-03,+2.873299952E+00
+4.795000E-03,+2.873397608E+00
+4.797500E-03,+2.873446436E+00
+4.800000E-03,+2.873426905E+00
+4.802500E-03,+2.873456202E+00
+4.805000E-03,+2.873553858E+00
+4.807500E-03,+2.873612452E+00
+4.810000E-03,+2.873592920E+00
+4.812500E-03,+2.873680811E+00
+4.815000E-03,+2.873661280E+00
+4.817500E-03,+2.873641749E+00
+4.820000E-03,+2.873690577E+00
+4.822500E-03,+2.873710108E+00
+4.825000E-03,+2.873661280E+00
+4.827500E-03,+2.873719874E+00
+4.830000E-03,+2.873749170E+00
+4.832500E-03,+2.873729639E+00
+4.835000E-03,+2.873710108E+00
+4.837500E-03,+2.873661280E+00
+4.840000E-03,+2.873729639E+00
+4.842500E-03,+2.873837061E+00
+4.845000E-03,+2.873856592E+00
+4.847500E-03,+2.873807764E+00
+4.850000E-03,+2.873807764E+00
+4.852500E-03,+2.873807764E+00
+4.855000E-03,+2.873807764E+00
+4.857500E-03,+2.873749170E+00
+4.860000E-03,+2.873778467E+00
+4.862500E-03,+2.873846827E+00
+4.865000E-03,+2.873944483E+00
+4.867500E-03,+2.873964014E+00
+4.870000E-03,+2.874061670E+00
+4.872500E-03,+2.874090967E+00
+4.875000E-03,+2.874169092E+00
+4.877500E-03,+2.874217920E+00
+4.880000E-03,+2.874227686E+00
+4.882500E-03,+2.874169092E+00
+4.885000E-03,+2.874110499E+00
+4.887500E-03,+2.874051905E+00
+4.890000E-03,+2.874149561E+00
+4.892500E-03,+2.874208155E+00
+4.895000E-03,+2.874217920E+00
+4.897500E-03,+2.874227686E+00
+4.900000E-03,+2.874237452E+00
+4.902500E-03,+2.874296045E+00
+4.905000E-03,+2.874335108E+00
+4.907500E-03,+2.874374170E+00
+4.910000E-03,+2.874374170E+00
+4.912500E-03,+2.874403467E+00
+4.915000E-03,+2.874471827E+00
+4.917500E-03,+2.874481592E+00
+4.920000E-03,+2.874471827E+00
+4.922500E-03,+2.874462061E+00
+4.925000E-03,+2.874471827E+00
+4.927500E-03,+2.874442530E+00
+4.930000E-03,+2.874413233E+00
+4.932500E-03,+2.874364405E+00
+4.935000E-03,+2.874374170E+00
+4.937500E-03,+2.874442530E+00
+4.940000E-03,+2.874462061E+00
+4.942500E-03,+2.874559717E+00
+4.945000E-03,+2.874618311E+00
+4.947500E-03,+2.874696436E+00
+4.950000E-03,+2.874755030E+00
+4.952500E-03,+2.874715967E+00
+4.955000E-03,+2.874725733E+00
+4.957500E-03,+2.874715967E+00
+4.960000E-03,+2.874696436E+00
+4.962500E-03,+2.874755030E+00
+4.965000E-03,+2.874813624E+00
+4.967500E-03,+2.874862452E+00
+4.970000E-03,+2.874891749E+00
+4.972500E-03,+2.874881983E+00
+4.975000E-03,+2.874862452E+00
+4.977500E-03,+2.874842920E+00
+4.980000E-03,+2.874911280E+00
+4.982500E-03,+2.874881983E+00
+4.985000E-03,+2.874901514E+00
+4.987500E-03,+2.874881983E+00
+4.990000E-03,+2.874881983E+00
+4.992500E-03,+2.874921045E+00
+4.995000E-03,+2.874921045E+00
+4.997500E-03,+2.874989405E+00
+5.000000E-03,+2.874960108E+00
+5.002500E-03,+2.874969874E+00
+5.005000E-03,+2.875008936E+00
+5.007500E-03,+2.875057764E+00
+5.010000E-03,+2.875008936E+00
+5.012500E-03,+2.874950342E+00
+5.015000E-03,+2.875018702E+00
+5.017500E-03,+2.875096827E+00
+5.020000E-03,+2.875145655E+00
+5.022500E-03,+2.875126123E+00
+5.025000E-03,+2.875135889E+00
+5.027500E-03,+2.875135889E+00
+5.030000E-03,+2.875165186E+00
+5.032500E-03,+2.875174952E+00
+5.035000E-03,+2.875243311E+00
+5.037500E-03,+2.875282373E+00
+5.040000E-03,+2.875311670E+00
+5.042500E-03,+2.875311670E+00
+5.045000E-03,+2.875438623E+00
+5.047500E-03,+2.875516748E+00
+5.050000E-03,+2.875565577E+00
+5.052500E-03,+2.875594873E+00
+5.055000E-03,+2.875575342E+00
+5.057500E-03,+2.875585108E+00
+5.060000E-03,+2.875624170E+00
+5.062500E-03,+2.875594873E+00
+5.065000E-03,+2.875624170E+00
+5.067500E-03,+2.875585108E+00
+5.070000E-03,+2.875516748E+00
+5.072500E-03,+2.875575342E+00
+5.075000E-03,+2.875526514E+00
+5.077500E-03,+2.875438623E+00
+5.080000E-03,+2.875448389E+00
+5.082500E-03,+2.875497217E+00
+5.085000E-03,+2.875536280E+00
+5.087500E-03,+2.875565577E+00
+5.090000E-03,+2.875614405E+00
+5.092500E-03,+2.875672998E+00
+5.095000E-03,+2.875721827E+00
+5.097500E-03,+2.875712061E+00
+5.100000E-03,+2.875653467E+00
+5.102500E-03,+2.875672998E+00
+5.105000E-03,+2.875712061E+00
+5.107500E-03,+2.875672998E+00
+5.110000E-03,+2.875663233E+00
+5.112500E-03,+2.875643702E+00
+5.115000E-03,+2.875594873E+00
+5.117500E-03,+2.875526514E+00
+5.120000E-03,+2.875585108E+00
+5.122500E-03,+2.875663233E+00
+5.125000E-03,+2.875702295E+00
+5.127500E-03,+2.875692530E+00
+5.130000E-03,+2.875702295E+00
+5.132500E-03,+2.875633936E+00
+5.135000E-03,+2.875585108E+00
+5.137500E-03,+2.875682764E+00
+5.140000E-03,+2.875721827E+00
+5.142500E-03,+2.875692530E+00
+5.145000E-03,+2.875702295E+00
+5.147500E-03,+2.875682764E+00
+5.150000E-03,+2.875604639E+00
+5.152500E-03,+2.875575342E+00
+5.155000E-03,+2.875565577E+00
+5.157500E-03,+2.875594873E+00
+5.160000E-03,+2.875614405E+00
+5.162500E-03,+2.875624170E+00
+5.165000E-03,+2.875604639E+00
+5.167500E-03,+2.875555811E+00
+5.170000E-03,+2.875516748E+00
+5.172500E-03,+2.875546045E+00
+5.175000E-03,+2.875555811E+00
+5.177500E-03,+2.875555811E+00
+5.180000E-03,+2.875575342E+00
+5.182500E-03,+2.875536280E+00
+5.185000E-03,+2.875497217E+00
+5.187500E-03,+2.875399561E+00
Anlg Ch State  Volts/div  Position  Coupling  BW Limit  Invert 
 Ch 1:    On      5mV/     2.878V      DC        Off      Off  

Anlg Ch  Probe  
 Ch 1:  1.0 : 1 

Trigger  Mode   Coupling  Noise Rej  HF Reject  Holdoff 
  Edge  Normal     DC        Off        Off       60ns  

Trigger  Source    Slope   Level 
        External  Rising  +1.33V 

Time Time Ref  Main S/div   Delay 
Main  Center     500us/    2.69ms 

Acquisition  # Avgs  Realtime  Vectors  Infinite Persistence 
 Averaging     8        Off       On             Off         

